timestamp,temperature,vibration,pressure,oil_quality,component_status
2023-10-01 00:00:00,49.963209507789,0.8702658576772393,53.55351153623154,0.9018108982626694,1
2023-10-01 00:05:00,96.05714451279329,1.5838018947567163,52.22809191647998,0.9390044191574116,0
2023-10-01 00:10:00,78.5595153449124,2.2458916717528163,111.5629122468933,0.7751403696377497,1
2023-10-01 00:15:00,67.89267873576293,1.9644497728191224,52.45915798645555,0.8874622298820997,0
2023-10-01 00:20:00,32.48149123539492,2.1131222957228992,54.47547535157679,0.8715237949431246,0
2023-10-01 00:25:00,32.47956162689621,1.8175667334214347,98.34584361761674,0.9498491130364813,0
2023-10-01 00:30:00,24.64668897345596,1.884553129035705,70.47658582054859,0.9718261181443781,1
2023-10-01 00:35:00,89.29409166199481,2.198391303130639,99.9039501259663,0.703647031443216,0
2023-10-01 00:40:00,68.0892009394567,0.9993360177183719,35.88295418079467,0.9022059757176377,1
2023-10-01 00:45:00,76.64580622368364,1.478849927286281,73.88140743060458,0.7155507397359187,0
2023-10-01 00:50:00,21.646759543664196,0.9424188836392045,33.025224016495436,0.8646575995232068,1
2023-10-01 00:55:00,97.59278817295954,2.4753360159932942,35.63878831098191,0.7862898187131034,0
2023-10-01 01:00:00,86.59541126403374,2.3881186793732265,111.57937080099698,0.7920329798566423,1
2023-10-01 01:05:00,36.987128854262096,0.5788536227370118,42.532083400583566,0.805887551035707,1
2023-10-01 01:10:00,34.54599737656805,1.911150345031377,77.91786140476954,0.886387734714883,1
2023-10-01 01:15:00,34.6723607882747,2.3504966348313316,66.99860423406359,0.8002149897006308,1
2023-10-01 01:20:00,44.33937943676302,0.8611506902546671,61.26089936329584,0.9198097151770841,1
2023-10-01 01:25:00,61.98051453057903,1.635890461105259,110.98500111185452,0.8213582156721608,1
2023-10-01 01:30:00,54.55560149136926,2.3309765951760837,31.964105709794055,0.7205059600929875,0
2023-10-01 01:35:00,43.298331215843355,0.5678919571715977,89.74107175580302,0.9351279527452322,1
2023-10-01 01:40:00,68.94823157779035,1.8948405344936798,116.70549907921954,0.7857274973778118,1
2023-10-01 01:45:00,31.15950885216335,1.0946980147451015,80.41513651156578,0.8298300638797788,1
2023-10-01 01:50:00,43.37157188281745,2.3487923907530606,114.31402158297827,0.9056331649665704,0
2023-10-01 01:55:00,49.308947463495336,2.4421164903307355,34.70320913574214,0.7997368471446136,0
2023-10-01 02:00:00,56.48559873736288,2.388532978226868,67.69139871667453,0.7169756968440146,0
2023-10-01 02:05:00,82.81407691144109,1.4484284333149275,53.414201186584606,0.812176314103844,1
2023-10-01 02:10:00,35.97390257266878,2.2240853019786266,95.77388684826568,0.983334574808291,0
2023-10-01 02:15:00,61.13875507308893,2.189098797070141,118.31673814475221,0.8925203191895674,0
2023-10-01 02:20:00,67.39316550896339,1.1382009464865113,53.0877056199823,0.9014437446001621,1
2023-10-01 02:25:00,23.71603301759982,2.1578309483013545,88.8757141326667,0.8896846460912919,1
2023-10-01 02:30:00,68.60358815211507,0.5740152694309852,47.82878694837661,0.759697641687831,0
2023-10-01 02:35:00,33.64192989498332,1.692539756964106,80.8797229114449,0.825500159230684,1
2023-10-01 02:40:00,25.20412743882236,0.9600176745754061,71.75392380195026,0.9252819395089955,1
2023-10-01 02:45:00,95.91084298026666,0.7411337715545576,117.48047966683833,0.7304118692659477,1
2023-10-01 02:50:00,97.25056264596475,0.6539064032584183,84.76745454268199,0.7833558328269137,1
2023-10-01 02:55:00,84.67178784931689,1.8925775517562795,61.455573487813695,0.7828957325397561,0
2023-10-01 03:00:00,44.36910153386965,1.1797499275361323,40.268620639914005,0.8296056782783517,1
2023-10-01 03:05:00,27.81376912051071,1.949533543057523,43.61221458614411,0.9941106222826555,0
2023-10-01 03:10:00,74.73864212097254,0.6307126815978847,50.278523695611156,0.7202507640051465,0
2023-10-01 03:15:00,55.21219949916811,1.1305806756612207,52.58699952062682,0.8556102983141785,0
2023-10-01 03:20:00,29.763058787582306,1.5789825847506744,106.5554452057024,0.7538094046036631,0
2023-10-01 03:25:00,59.614152808901615,2.0814463296779273,80.51005094542725,0.9912029636229233,1
2023-10-01 03:30:00,22.75108168921747,1.1375050058641398,77.10518202369298,0.7339910514182392,1
2023-10-01 03:35:00,92.74563216630257,1.7517827528740182,40.32919846822957,0.8210803007084774,1
2023-10-01 03:40:00,40.70239852800135,2.2719554964723745,107.41257240144915,0.9213654954503818,0
2023-10-01 03:45:00,73.00178274831856,1.7317263763646091,95.05328728876353,0.9113663284082336,0
2023-10-01 03:50:00,44.93688608715288,0.9659189495072675,36.09015257100015,0.8268185910681797,0
2023-10-01 03:55:00,61.605441694224865,0.548801563113076,93.70515875067917,0.8039572503858154,1
2023-10-01 04:00:00,63.73682234746237,2.2401977478018598,78.91843956083815,0.8192837135658612,0
2023-10-01 04:05:00,34.788356442042165,0.5425388217007743,37.35528111721004,0.7792828789475917,1
2023-10-01 04:10:00,97.56677022116469,2.249403345368399,71.24705773757908,0.76159988161204,1
2023-10-01 04:15:00,82.01062586888916,1.557874268054424,73.62266584170422,0.8449119092676669,1
2023-10-01 04:20:00,95.15991532513513,2.378135397025792,44.91970861469482,0.7805601268202822,1
2023-10-01 04:25:00,91.5861880342119,2.0975664715473306,115.11283323002542,0.786238499469175,0
2023-10-01 04:30:00,67.83199830488681,2.495868221066675,106.49778343325957,0.8970268190423671,1
2023-10-01 04:35:00,93.74993880184934,1.2014236309034203,90.21201035961974,0.9905611995099677,0
2023-10-01 04:40:00,27.07940016415356,2.034376577862254,71.60660049005465,0.8810911601678125,1
2023-10-01 04:45:00,35.67862899353162,1.3038618272184843,67.05889874260576,0.7230938401194899,0
2023-10-01 04:50:00,23.618183112843045,1.4597512406078177,88.58761204358588,0.7226750841562201,0
2023-10-01 04:55:00,46.02642646106115,1.7550109264367402,79.0888682466215,0.9854269662536698,1
2023-10-01 05:00:00,51.09418317515856,2.2473542283726777,35.60457952936971,0.7891872370922001,1
2023-10-01 05:05:00,41.70792254191167,2.46816693839859,76.12523838932985,0.7276200958247426,1
2023-10-01 05:10:00,86.29900073215435,2.0365468277290364,102.57632555095556,0.8797133761451145,0
2023-10-01 05:15:00,48.540266135487144,1.3355335643346675,71.33158898372622,0.8870946334870798,1
2023-10-01 05:20:00,42.47476077499046,1.3427140045541404,34.676091979884156,0.8945514460356064,1
2023-10-01 05:25:00,63.41568665265988,1.975164603177783,100.76503794456298,0.7802206083572624,0
2023-10-01 05:30:00,31.27393799798101,0.9775542915366047,48.122740392237695,0.7045332052643425,1
2023-10-01 05:35:00,84.17575846032318,0.7209482262627893,53.275875139923485,0.9895046108363416,0
2023-10-01 05:40:00,25.964051494381664,1.209244315281553,44.82357180890663,0.7752679137073307,1
2023-10-01 05:45:00,98.95095492804138,1.0744779833081635,59.71935583843478,0.9028078864157643,0
2023-10-01 05:50:00,81.77958154373259,1.0926162409119802,98.10763551197715,0.9119889609636129,0
2023-10-01 05:55:00,35.89725452273379,0.9672155020998199,76.74472735535437,0.8830022251238456,1
2023-10-01 06:00:00,20.441769369888192,0.5841863792727238,48.43931467356413,0.7938722182640945,0
2023-10-01 06:05:00,85.23691427638673,0.5357478694668276,109.00470703368367,0.7813288761292196,1
2023-10-01 06:10:00,76.54858750780937,2.4754447794720633,109.16236694563763,0.8793004848108109,1
2023-10-01 06:15:00,78.32057344327899,1.3555462674717247,108.35205825414062,0.9598286900835075,0
2023-10-01 06:20:00,81.70162773487566,1.2686532943193634,51.49165902433853,0.9840201186770187,1
2023-10-01 06:25:00,25.92357213872723,1.8592945653861397,70.61154097628892,0.7317717413211272,0
2023-10-01 06:30:00,48.67725828354181,0.9365077757301283,118.64906905267875,0.7464485837793159,0
2023-10-01 06:35:00,29.269524762010377,2.3999223679004507,99.48112286789913,0.9834208776349239,0
2023-10-01 06:40:00,89.04827407004748,2.0726900288311043,32.44506791030038,0.9209605685004377,0
2023-10-01 06:45:00,69.86385014620464,0.678822004624519,35.868413213444285,0.964898147448932,0
2023-10-01 06:50:00,46.471841988211935,1.3351615515698567,71.75382391310995,0.7607897902406029,0
2023-10-01 06:55:00,25.084668022881893,2.2582366151243294,111.82981852754041,0.8762757613328205,0
2023-10-01 07:00:00,44.878585737252976,2.3894640445828204,78.48316181574428,0.910341878325242,0
2023-10-01 07:05:00,46.014665762139764,1.4348030224997395,74.80312572308611,0.9040335656340918,1
2023-10-01 07:10:00,78.36849426704512,1.7268227784214154,39.49263299609675,0.8224455072600094,1
2023-10-01 07:15:00,71.00459770841705,0.8340678921841505,89.11020942518647,0.7046184675073925,0
2023-10-01 07:20:00,90.97701940610612,2.482337252273953,103.9892844540203,0.874877817041279,1
2023-10-01 07:25:00,57.777194012955945,0.9633434027668868,64.2378006756806,0.7759304617538826,1
2023-10-01 07:30:00,29.567539675064136,2.385463548270251,99.80506658327947,0.8350762738428671,1
2023-10-01 07:35:00,77.0595829778396,1.799293297984737,116.80289885107304,0.9872743045251452,1
2023-10-01 07:40:00,80.8628038893518,1.7154735897577182,48.338981321492014,0.8197105952927304,1
2023-10-01 07:45:00,64.9021758055597,1.5253770220330172,77.09966680752672,0.951940481999328,1
2023-10-01 07:50:00,81.67737439636488,0.9613396234355174,55.8424162276118,0.7565621817247753,0
2023-10-01 07:55:00,59.50364770915126,0.8530560640110165,101.35689771304554,0.9017381494075086,1
2023-10-01 08:00:00,61.818626350559526,0.9409724181403507,81.98340292930418,0.9931020863316831,1
2023-10-01 08:05:00,54.20328146868397,0.872876524288509,87.11241757952735,0.730567930261881,1
2023-10-01 08:10:00,22.033530139527613,2.0591689471335064,101.81227436543047,0.7024959826681576,1
2023-10-01 08:15:00,28.631314159464356,1.2002505183334602,65.63734253962093,0.8300748377897843,0
2023-10-01 08:20:00,22.51433485493874,0.6156853531267927,112.3581061566339,0.7277876449154101,0
2023-10-01 08:25:00,70.91283290110243,2.438205260281623,77.97259805215259,0.9245153049028694,0
2023-10-01 08:30:00,45.148478486106136,2.2675717699268514,44.21593405518132,0.9743645991545677,0
2023-10-01 08:35:00,60.685655293176225,2.355504566390426,92.63092063519221,0.8302062918126276,1
2023-10-01 08:40:00,92.60531791408744,2.489815645292871,101.3935215394429,0.7776134926466323,0
2023-10-01 08:45:00,39.94337833191,0.8477904984389746,58.5085509360774,0.8303209957019829,0
2023-10-01 08:50:00,52.830633842850375,1.2924840378053175,107.14613312988777,0.9170343453550003,0
2023-10-01 08:55:00,80.4440910834439,2.0164769514081824,111.55289292891898,0.7027162484741113,0
2023-10-01 09:00:00,38.3038532393298,1.8920412361075845,54.921403864002805,0.8768361968454091,1
2023-10-01 09:05:00,26.158392786303438,0.8077918126797101,118.51693254436998,0.8839875054662137,0
2023-10-01 09:10:00,43.180116233101444,2.1316662499812358,42.664037524388256,0.8913064740687806,1
2023-10-01 09:15:00,32.897702980320354,0.9488811436733213,48.181410156224096,0.7726066239942632,0
2023-10-01 09:20:00,94.37581218740584,0.9476352296452462,46.58023553142235,0.914215817013438,1
2023-10-01 09:25:00,84.64963036515336,1.5739488457868271,110.45907390070833,0.7274174458995328,1
2023-10-01 09:30:00,70.67230052083389,1.6858798696834063,88.88632970924657,0.7597811009400403,0
2023-10-01 09:35:00,89.71684721501742,1.6601724156756223,43.68938549000456,0.9632410139963445,0
2023-10-01 09:40:00,84.29376615192916,0.6829736747955097,69.62910765315141,0.9216169452179699,0
2023-10-01 09:45:00,34.925604710882865,2.2549217252607607,85.37682225628218,0.7041236662034035,0
2023-10-01 09:50:00,91.40471987919823,1.0312000851774121,37.511767649044494,0.77451287811094,1
2023-10-01 09:55:00,63.147379353252056,0.7590298425656083,109.41747315666049,0.7643219448979494,1
2023-10-01 10:00:00,84.595212413125,2.2774961597379546,102.32431818973816,0.7812418984110917,0
2023-10-01 10:05:00,91.68730399387945,2.411302996459507,75.46860962189744,0.7742679310839659,0
2023-10-01 10:10:00,45.44027799774911,2.2242552345309012,117.04139537332534,0.7187578887228537,1
2023-10-01 10:15:00,28.80415396221414,2.1190321494497564,67.59848813475898,0.8376821549790461,0
2023-10-01 10:20:00,38.234813003355335,1.8104839612780435,118.56992871328481,0.9198200424358496,1
2023-10-01 10:25:00,54.1686230901005,1.6017147412182786,90.11279989232644,0.8820195174152309,0
2023-10-01 10:30:00,85.44118127379944,0.6739735198228203,87.12041459285473,0.9018615005794239,1
2023-10-01 10:35:00,88.85844666050747,1.3169064261413974,44.93594057662065,0.7243447535608717,1
2023-10-01 10:40:00,20.556170442495258,1.245377034024628,109.37349824741796,0.9854472130530362,1
2023-10-01 10:45:00,60.85978420620526,1.0195075675206524,68.47407191285536,0.9515475501529074,1
2023-10-01 10:50:00,53.39288025190232,1.9468402273771699,44.60100652042314,0.9415270955486987,1
2023-10-01 10:55:00,37.76862483765842,1.4917514701575416,31.134676797818315,0.9468951415125302,0
2023-10-01 11:00:00,29.589229386694626,0.6620924318152959,80.37801152745443,0.9798131524398284,1
2023-10-01 11:05:00,47.00921371229023,0.9403664038996227,77.46596599104086,0.8632761898341093,0
2023-10-01 11:10:00,95.43277631300154,1.8665175273191918,94.74182601322427,0.7600846053602878,1
2023-10-01 11:15:00,45.856234561660415,0.6522617189806004,110.1232247716022,0.8850350823557623,1
2023-10-01 11:20:00,61.50324973946929,2.202413828097537,37.146592617872656,0.9228644481003817,0
2023-10-01 11:25:00,76.24151671161422,1.4902930540279486,95.83468413063261,0.9213752180062076,0
2023-10-01 11:30:00,49.09036819034352,1.461173154653296,46.867074968782404,0.856434707250064,0
2023-10-01 11:35:00,97.74256661767686,1.6848155693190352,107.23593478414476,0.7205376158000734,0
2023-10-01 11:40:00,96.99578359536889,2.149361931850298,103.71571624754905,0.8113338815290383,1
2023-10-01 11:45:00,40.14258366602913,1.195618415804386,78.671437948699,0.9762299825390073,0
2023-10-01 11:50:00,59.77988047139084,1.8560323051181271,93.92185187609803,0.8753346729272278,1
2023-10-01 11:55:00,44.07026478534157,1.6314639279915821,58.29151018653735,0.861499582976714,0
2023-10-01 12:00:00,42.78723955019741,1.0340565403388426,72.40511090395331,0.780656054314658,0
2023-10-01 12:05:00,22.950955788362624,2.257259972710316,103.94732079394245,0.8105346759749736,1
2023-10-01 12:10:00,68.76514671839175,2.094852043213856,71.33386774558926,0.9686038267459508,1
2023-10-01 12:15:00,60.21432185830892,1.816903669316851,62.20184387928976,0.8999389142580507,0
2023-10-01 12:20:00,24.118300099999146,2.201163458188484,74.479120252527,0.9362161080256999,1
2023-10-01 12:25:00,42.29171713892892,2.2345884019196047,104.54243271934965,0.8363036269202966,1
2023-10-01 12:30:00,92.6612708773323,1.9167259534300696,60.16872426337855,0.8890741658368474,1
2023-10-01 12:35:00,39.16495125335779,2.174026656727344,45.63854338221694,0.7745150826229622,1
2023-10-01 12:40:00,31.591589767297847,1.8949429233385673,94.08126182977027,0.9116382490850459,1
2023-10-01 12:45:00,59.15622082220504,1.8602815435206008,104.33803914372736,0.8282804001110011,1
2023-10-01 12:50:00,98.85203632884806,1.7372227564303686,39.057373067118,0.8327636544444237,1
2023-10-01 12:55:00,39.364421720920035,2.0054332791152825,51.58867014803502,0.8947966973730644,1
2023-10-01 13:00:00,73.77084379247029,0.8172102105861474,42.77747907848945,0.980884186440678,0
2023-10-01 13:05:00,80.9295692262974,2.261741518397857,61.31472704239499,0.7192019039825862,1
2023-10-01 13:10:00,39.01100351939198,2.243687055490464,70.53158810148713,0.9474229712041022,0
2023-10-01 13:15:00,78.25730788894876,0.5584945660691183,97.39437032669758,0.7877149331236579,1
2023-10-01 13:20:00,49.422650617540256,2.1516335011295253,88.60328263935068,0.8331758363519133,1
2023-10-01 13:25:00,70.58446644748636,0.7577397349468904,85.8835710730588,0.7065739986325027,1
2023-10-01 13:30:00,70.68237686087159,1.1702377085182838,61.71374519486889,0.7903138233502939,1
2023-10-01 13:35:00,62.86197472598068,1.9870165125832155,105.7302797776284,0.8507893727890391,0
2023-10-01 13:40:00,27.223181604352664,0.8215197920966164,72.41584506583482,0.7168528232042317,0
2023-10-01 13:45:00,86.82419964713904,2.1359340482381244,118.11944442136391,0.8473287188149495,1
2023-10-01 13:50:00,45.66240519773886,2.1642683559154836,87.07279244661632,0.9781331886575282,0
2023-10-01 13:55:00,34.92148083198834,1.5149354675216724,41.363826740805244,0.7316179654323415,1
2023-10-01 14:00:00,23.262011324381113,0.5127717434336672,90.85598058678906,0.9293322184226513,1
2023-10-01 14:05:00,67.27143545505935,1.0740762663498256,59.25936138885291,0.8229013160127978,0
2023-10-01 14:10:00,74.2051489473826,1.7338538367514844,91.76944770174876,0.8965521143573014,0
2023-10-01 14:15:00,21.32702631422849,2.462372356054847,36.26770333461651,0.7780709793955688,1
2023-10-01 14:20:00,60.96744466394248,1.7636270540333367,45.739329345836346,0.7478476787624074,1
2023-10-01 14:25:00,38.11966201583503,1.0196071621283196,107.01635330152077,0.7481387842813679,0
2023-10-01 14:30:00,71.61382323275599,1.7680114061992227,50.44616013211634,0.7211475836929434,1
2023-10-01 14:35:00,33.94931432039932,1.579970759431711,105.3337012718646,0.7556940114703729,0
2023-10-01 14:40:00,75.27501904819728,2.0596907903022874,55.134847960896934,0.8992658154966905,1
2023-10-01 14:45:00,50.93882770404299,0.7139612776539168,87.8593719052837,0.9645071835530524,1
2023-10-01 14:50:00,94.93839909893876,2.0220558050040562,92.47355161588479,0.9442377056773485,0
2023-10-01 14:55:00,31.00167553167946,1.5825331573522206,76.13892778305475,0.9055402929623452,0
2023-10-01 15:00:00,47.285308084020684,2.4259840077179895,57.47796090270582,0.7331295590233308,0
2023-10-01 15:05:00,29.077881699247126,1.1837443320773722,49.13799387339865,0.7867562338887849,1
2023-10-01 15:10:00,93.97548946228503,1.7652437862678962,32.98704191061836,0.7929420625967407,1
2023-10-01 15:15:00,90.18714827047847,2.364056211020035,57.355176111665145,0.7749870839192863,1
2023-10-01 15:20:00,40.63533021721245,0.7050194559813585,88.78465114781548,0.854501697912917,1
2023-10-01 15:25:00,72.79872368273432,2.3744569744729023,114.44743366036344,0.8606661444639018,0
2023-10-01 15:30:00,85.37777601609727,1.8757714446016267,108.40840340367468,0.807065792551333,1
2023-10-01 15:35:00,64.416064927957,0.6356741182103438,98.94582988817723,0.8061367476209308,1
2023-10-01 15:40:00,62.37204626848052,1.1019271338936325,100.96026089279688,0.9485666793718244,1
2023-10-01 15:45:00,39.34818327203614,1.9163441772905632,89.84864131283958,0.9367878544959056,0
2023-10-01 15:50:00,27.44822142447194,0.6347012029375434,53.42581718094027,0.7923387495042237,1
2023-10-01 15:55:00,91.77726063626613,1.6643409203525465,111.64755276352469,0.9741365331619778,1
2023-10-01 16:00:00,92.03344457306643,1.1917661139059135,90.36590807152507,0.9858445051007518,0
2023-10-01 16:05:00,70.64811658186144,1.7418310355349542,80.4396567882396,0.7980227626090122,1
2023-10-01 16:10:00,47.122383283896056,0.5914840676250257,39.9890522292133,0.8063274846379165,1
2023-10-01 16:15:00,47.93676596901287,2.2430736123047526,70.23499894257829,0.8516902460265876,0
2023-10-01 16:20:00,78.07645430961915,2.446977938354794,71.43224440817337,0.982336243760102,1
2023-10-01 16:25:00,91.76882079620617,2.437755710571383,107.8107248570403,0.9628958299426935,1
2023-10-01 16:30:00,90.96691394120938,1.9993036634858494,79.19833981690095,0.7307703887750769,1
2023-10-01 16:35:00,82.3900436686099,0.7601724802612639,64.23604940733688,0.8178192229814248,0
2023-10-01 16:40:00,71.36253169234303,2.0165263918580454,117.91202956595934,0.8660113569249315,1
2023-10-01 16:45:00,26.731197199603905,0.549173832917603,39.96485339936841,0.850939741765462,1
2023-10-01 16:50:00,32.930297127569105,0.5442471030579945,68.02935854807501,0.7581589203810678,0
2023-10-01 16:55:00,91.88433508216634,1.1472204382990825,33.78222076542647,0.9576450313504463,0
2023-10-01 17:00:00,68.5143247727672,1.4772863808093315,96.59137086902373,0.9030822348990512,1
2023-10-01 17:05:00,20.73576412933037,2.0408148356155866,112.62688969792356,0.951372512455541,1
2023-10-01 17:10:00,28.11772342928257,1.8665907532130104,55.20335965954405,0.9576292838048417,1
2023-10-01 17:15:00,73.08014152864446,1.3918054127534967,107.25075091192087,0.9245067560997219,1
2023-10-01 17:20:00,20.404926707697495,1.0472533325633318,56.2996407415708,0.8317631803749151,0
2023-10-01 17:25:00,32.86464411339989,2.4942490003154223,111.96931454795237,0.8831640265046273,1
2023-10-01 17:30:00,63.89870314932689,1.352362604471946,97.85657132371055,0.7481096218359229,0
2023-10-01 17:35:00,75.35161581541546,1.402774048659351,102.44160991572947,0.9020936252424723,0
2023-10-01 17:40:00,72.15690076020805,0.8272476423833384,31.620590004040906,0.7537759767217842,1
2023-10-01 17:45:00,37.941544756844785,2.0896190974998587,116.65293213666233,0.908184877153047,1
2023-10-01 17:50:00,76.97433770780287,1.8873644515629773,95.40038928632909,0.7688794482261906,0
2023-10-01 17:55:00,38.97992699974401,0.9415392255775208,57.427598584752,0.735265390045066,0
2023-10-01 18:00:00,46.03197585274142,0.6647620912316854,104.64551983729622,0.7495853470428872,1
2023-10-01 18:05:00,79.71931240944193,1.8609986041494262,55.3369078573437,0.700597640565721,0
2023-10-01 18:10:00,71.97063192377718,1.8090224285622705,108.54784556095152,0.915621885356059,1
2023-10-01 18:15:00,87.93787283953424,1.0465190539964186,40.13223513707433,0.9197203147175137,1
2023-10-01 18:20:00,72.60903138402747,2.4017271245008205,93.33173797147163,0.8544800049739778,0
2023-10-01 18:25:00,65.46468826683773,0.8021157835618005,78.66286289804194,0.748408840316615,0
2023-10-01 18:30:00,27.493981426247398,1.3646696020852038,38.688102317589674,0.7250663012532069,1
2023-10-01 18:35:00,49.41726424475468,2.3872318403351978,51.77044454329551,0.705738689931186,0
2023-10-01 18:40:00,41.216189414538036,1.3394546338522446,31.11636326495833,0.7497244530895661,1
2023-10-01 18:45:00,39.51917147032668,1.777051895328171,72.18911689180553,0.967256660494944,1
2023-10-01 18:50:00,97.84084438019565,1.2951887959255886,57.11387346840003,0.7724610525105045,1
2023-10-01 18:55:00,51.44781797334083,1.04843040469734,83.8521735867983,0.8062813981651646,0
2023-10-01 19:00:00,91.36372441416907,2.4679552959196567,56.751402693775546,0.7316036453443999,1
2023-10-01 19:05:00,70.49109007978103,1.318668012630086,56.99272003562862,0.766708391424451,1
2023-10-01 19:10:00,83.58490428333187,2.288198407358269,96.8873878858443,0.8557673712340615,1
2023-10-01 19:15:00,60.21096744841537,0.9599092117821724,34.33285523805181,0.8823258049286957,1
2023-10-01 19:20:00,66.15231077010873,0.9262094080501666,111.26054956727886,0.7736056942498633,1
2023-10-01 19:25:00,59.401415505509114,0.5622681657690227,106.70374869520633,0.7173196477675351,1
2023-10-01 19:30:00,35.61943902384356,1.80333365075177,90.10242149037659,0.8173098607382195,1
2023-10-01 19:35:00,77.79616922092043,1.2370526874475223,83.38994130966458,0.7702610112779003,1
2023-10-01 19:40:00,42.46178899526846,2.2287164996792743,110.3072248325687,0.7658661769689405,1
2023-10-01 19:45:00,21.945277314516307,1.4464198133831143,46.679716157584295,0.9879588408140365,1
2023-10-01 19:50:00,71.63778367257342,2.4363868558294435,37.10722459717458,0.8848901457777172,1
2023-10-01 19:55:00,34.16885435256391,0.8710510314062423,51.555915291858426,0.8670635329516287,0
2023-10-01 20:00:00,95.23668674823314,2.2372463359112214,101.51204508301713,0.8247325310569965,1
2023-10-01 20:05:00,96.31428616020699,2.0531937055834835,33.1203240053835,0.8286833000290432,1
2023-10-01 20:10:00,93.18915121763588,2.041843689288104,82.45261515751406,0.8622715011514243,1
2023-10-01 20:15:00,49.61269602043555,2.1895664562337753,119.5893764572179,0.9089289421108322,0
2023-10-01 20:20:00,21.236529322309394,2.022047981885998,107.01264844537855,0.9106438288545489,1
2023-10-01 20:25:00,94.26548500701803,1.7524406432628308,76.93011201392305,0.7515081723116348,0
2023-10-01 20:30:00,54.254731865385146,0.7624897553647751,35.72768183579781,0.850033825622988,1
2023-10-01 20:35:00,97.33238552349357,0.5650523589825038,104.82361629471389,0.8235874285102306,1
2023-10-01 20:40:00,97.08959816714022,2.3416956956313735,83.90806573594895,0.9611580898808152,0
2023-10-01 20:45:00,88.24075643738881,1.733300629041476,40.343969735361014,0.8894256763655128,1
2023-10-01 20:50:00,43.55591136556686,2.0930745819523526,38.44715563410206,0.8597512199247945,0
2023-10-01 20:55:00,50.807818288154024,1.4630447030251001,111.86641374929332,0.7346183926536751,0
2023-10-01 21:00:00,88.09093372134855,0.734616377924789,90.22802366442706,0.8816913667970234,1
2023-10-01 21:05:00,45.35376041250221,0.7503715844051009,104.635811938508,0.73516117170407,1
2023-10-01 21:10:00,33.5594197348874,1.8711305744579427,109.10810102540405,0.8011619726697256,1
2023-10-01 21:15:00,64.54410099666802,1.3606117897989254,81.459511684349,0.7428525894442995,1
2023-10-01 21:20:00,94.89238193286248,0.9010494534006734,76.57017165795372,0.9076220941073107,0
2023-10-01 21:25:00,75.68238373399784,1.4831890934828738,68.73846692888912,0.7618756341508457,0
2023-10-01 21:30:00,65.6048936071492,0.6284178741502682,58.52519290120074,0.8175578119564078,1
2023-10-01 21:35:00,27.77411950166148,1.6639428038287976,69.11363647728406,0.9687024332856335,0
2023-10-01 21:40:00,69.20057813593358,1.0379868088701953,99.64916901571408,0.761294915019691,0
2023-10-01 21:45:00,99.20430800834106,2.095118201274376,84.17310879136184,0.8523415191876337,1
2023-10-01 21:50:00,31.20672121892192,1.1207239178471475,110.32709609593614,0.8257814983498066,0
2023-10-01 21:55:00,61.46637218909894,1.4104402981636024,69.90420129412689,0.7054372123137189,0
2023-10-01 22:00:00,90.18984575423643,0.5232410798162013,84.63806208468786,0.9378274340718438,1
2023-10-01 22:05:00,79.26148942033635,0.6448937755891178,86.81767977827899,0.7207137718943799,0
2023-10-01 22:10:00,75.76125927962144,1.2849871128133696,83.2527446075693,0.842276506293086,1
2023-10-01 22:15:00,76.19872671896874,1.459877669434247,93.23703957769646,0.8682034884816849,0
2023-10-01 22:20:00,48.75929209758041,1.7000410962386074,51.36901215373257,0.8885279369843762,1
2023-10-01 22:25:00,43.487347541159465,1.0833251574186065,76.11273997912116,0.9065894887923627,0
2023-10-01 22:30:00,84.74889243828109,1.889963772253085,39.38023225275129,0.7759817150568145,0
2023-10-01 22:35:00,84.80907157433447,2.2202447943784094,64.60601948803313,0.7029936329975348,1
2023-10-01 22:40:00,89.3657854864083,2.0597019777866996,73.89003617591379,0.9170330987064736,1
2023-10-01 22:45:00,93.05924420451771,0.5792376506967143,88.70018335909252,0.8606969798042736,1
2023-10-01 22:50:00,60.90739190887503,1.4610138945156579,115.54779473275832,0.9508353109621746,1
2023-10-01 22:55:00,60.12130357497597,0.7098603568363497,84.05859598935203,0.9464165088702083,0
2023-10-01 23:00:00,83.86361431734201,0.9840900317250549,96.92345245589038,0.952997850336365,0
2023-10-01 23:05:00,71.99711446222122,2.473325186534293,75.56394535456825,0.845528397993862,0
2023-10-01 23:10:00,76.15735018061628,0.7849910858030265,87.06936282386982,0.8000885187510597,1
2023-10-01 23:15:00,83.66341355488808,1.4977763069027121,36.38389945203961,0.9374674607774109,0
2023-10-01 23:20:00,91.2004273454053,1.7363114686362382,52.89524227576623,0.8353882339087765,0
2023-10-01 23:25:00,47.03961254812286,1.904929941088208,62.56677838846248,0.7550326589210303,1
2023-10-01 23:30:00,50.04663621119552,1.6192973669738282,72.52440195058622,0.9564922058684423,1
2023-10-01 23:35:00,27.51855518726952,0.5195416948383673,34.10838709521454,0.9647679630317042,0
2023-10-01 23:40:00,66.26241127969392,1.1529226164879838,42.60216877979859,0.839892926842051,1
2023-10-01 23:45:00,22.875381903739367,1.5354232867694229,54.91328770121752,0.7227099181929362,0
2023-10-01 23:50:00,57.24784145059681,0.6757329982896667,117.43794218109456,0.8163478269750793,0
2023-10-01 23:55:00,63.411570776606126,1.2012538624183615,59.82123063927457,0.941061297838781,1
2023-10-02 00:00:00,42.92330017026275,0.5664062175827331,73.38369523008743,0.9705322085638686,0
2023-10-02 00:05:00,67.26666084552086,0.6571569943100415,47.648794146455366,0.7610418227492787,1
2023-10-02 00:10:00,22.440019995123954,1.2938465524031921,84.97020639681915,0.7200920836075814,1
2023-10-02 00:15:00,22.987855099937153,0.7654315080861207,55.26148939643769,0.9632051359398516,0
2023-10-02 00:20:00,85.80804485277267,1.6350816965231163,48.629332059458406,0.8168214816936625,0
2023-10-02 00:25:00,48.81525131290103,1.8789299382745315,76.49153656013812,0.8625282892802689,0
2023-10-02 00:30:00,30.16484101215078,2.1011733982181657,30.495521924437874,0.9904197436152277,1
2023-10-02 00:35:00,61.77946080438435,0.9003004884896202,30.68976293843028,0.7199694183742669,0
2023-10-02 00:40:00,81.59948424788887,0.8349651645181395,49.716192819167205,0.8944954022356286,1
2023-10-02 00:45:00,37.26568219974745,0.7091356806688005,33.3049226250739,0.7222316267724601,1
2023-10-02 00:50:00,69.83123806552001,1.7728604990872734,39.72231787176222,0.81264067853995,0
2023-10-02 00:55:00,26.82779719950144,1.9129514529738023,60.49745844048765,0.941144363558034,1
2023-10-02 01:00:00,24.134537693488618,0.5631722896512841,102.23271116218315,0.8300416698266903,0
2023-10-02 01:05:00,62.50837052545184,2.3724244924873794,81.48437790323707,0.9991547061708852,0
2023-10-02 01:10:00,63.25080972880852,0.6039425673029448,76.14009533607748,0.8677177854839806,0
2023-10-02 01:15:00,70.99439211985653,1.582592670602141,56.413994088730945,0.796348645790786,0
2023-10-02 01:20:00,78.08730669781292,1.9181210389018328,113.85783474895348,0.7660333977714259,0
2023-10-02 01:25:00,98.06816635700277,2.241938247492171,65.73135371134725,0.8051561602858486,0
2023-10-02 01:30:00,61.30402786409562,1.9281738642648556,37.838349011619435,0.8117599821278652,0
2023-10-02 01:35:00,45.836517835299674,2.1034561661395834,85.53598645060211,0.7206141033171882,1
2023-10-02 01:40:00,83.61489558149628,1.1789003850856121,40.24545541289413,0.8108722598280319,0
2023-10-02 01:45:00,41.66658010096594,2.1296502274930242,61.07008285215229,0.8392715559217674,1
2023-10-02 01:50:00,55.11771365645089,0.6602296927693503,75.66707448460281,0.9168213256716413,1
2023-10-02 01:55:00,26.276510507381275,2.2896333121210555,108.68002722166582,0.8970188454164824,1
2023-10-02 02:00:00,22.028059473236603,1.5951847523074725,74.41919223061069,0.9126296965687463,0
2023-10-02 02:05:00,97.01187317423401,2.1345955399249874,93.20328894284978,0.702509104563057,1
2023-10-02 02:10:00,86.87840964097647,1.4046365690366003,119.35351550991633,0.7653002198741607,1
2023-10-02 02:15:00,75.67793648749584,1.78715539039305,41.83402079081834,0.898505286519957,0
2023-10-02 02:20:00,52.71623555314159,1.5528053218722264,54.72583729675676,0.8451968104539241,0
2023-10-02 02:25:00,33.86354560566766,1.9631790435106637,65.51184680378817,0.7015940427005037,1
2023-10-02 02:30:00,32.514963413686885,0.6632599640611792,67.96453606849482,0.9413483927295467,0
2023-10-02 02:35:00,40.019431853167625,0.6207041679811276,66.99189677389913,0.9318428719871013,0
2023-10-02 02:40:00,63.938133176489636,0.9942064680202929,111.68499023008994,0.8645257488980688,0
2023-10-02 02:45:00,77.16767381600499,0.8190893602263767,94.26293800201708,0.7199389977328816,0
2023-10-02 02:50:00,72.8157901374185,2.2435671331844036,84.71146926816334,0.9299545148597754,1
2023-10-02 02:55:00,42.39471175567543,0.9384279747160886,57.84354460765039,0.8751140763194092,0
2023-10-02 03:00:00,96.38922245305552,2.451730511638263,104.14113457991652,0.9345879931473877,0
2023-10-02 03:05:00,79.03175333566148,1.1737915835422137,115.95544603364901,0.9255240977187521,0
2023-10-02 03:10:00,64.34832420091206,0.8642358313773986,103.90784542952039,0.9409006215873511,1
2023-10-02 03:15:00,68.93765969874818,2.0793970142849583,30.140859467232563,0.8554024199213874,1
2023-10-02 03:20:00,53.568004994223195,1.8174155510017522,87.27612331650664,0.7420973554580544,0
2023-10-02 03:25:00,39.81847916009259,1.496391432906278,34.60218432978907,0.9013472420139066,0
2023-10-02 03:30:00,48.47781429210093,1.6107271018752625,53.18464983003497,0.8861421355155912,1
2023-10-02 03:35:00,80.62768883714952,1.9384035565445277,35.357223031299455,0.9226759561597262,0
2023-10-02 03:40:00,21.15147909038047,0.9569094826625975,84.34159076544489,0.7509643018152206,0
2023-10-02 03:45:00,29.2858112405533,2.492667832113484,91.79309221433462,0.7584925599700867,1
2023-10-02 03:50:00,23.68021136174022,2.4495863242935663,40.303887425931464,0.9671228551657985,0
2023-10-02 03:55:00,23.25830418551761,1.8006513726938738,64.54549947404816,0.9249933395356212,0
2023-10-02 04:00:00,88.43684672088058,0.8990849018582903,71.06128580599878,0.9724685466100969,1
2023-10-02 04:05:00,76.29262875040189,1.8604564848625826,63.214771958482494,0.9276145963491762,1
2023-10-02 04:10:00,57.93390632698602,0.6443968179583517,40.892250043667374,0.8791465917970905,0
2023-10-02 04:15:00,27.82673285208012,0.5613050044116121,67.70530111687279,0.8962398211083621,1
2023-10-02 04:20:00,59.32927000934659,1.0153657770224274,97.60602430275763,0.9667383771820031,0
2023-10-02 04:25:00,57.87774166244525,1.4252459134786326,36.39068980799299,0.8736420263535821,0
2023-10-02 04:30:00,33.856149592801216,2.2365450108167613,37.21620126737131,0.8897173972985162,0
2023-10-02 04:35:00,54.70813193903784,1.954338139532616,61.92941626523858,0.7469430148010802,1
2023-10-02 04:40:00,51.88037875178988,1.985413042399962,114.75531404570326,0.8421763660348308,1
2023-10-02 04:45:00,69.26800784417732,1.3509866688961507,90.17153820506226,0.9149191335874297,0
2023-10-02 04:50:00,70.8074920694115,1.1918699850939258,91.08029610053083,0.7812828094949096,0
2023-10-02 04:55:00,23.62432078176356,1.2420775259692054,62.572799175407845,0.7606762541573604,1
2023-10-02 05:00:00,49.9690091701177,2.4752991274721157,83.42947120876846,0.7941480424673246,1
2023-10-02 05:05:00,70.0687932571389,0.580218382824965,30.911806562496903,0.77245018839785,1
2023-10-02 05:10:00,60.250900686407014,2.234062992244897,87.24864417685879,0.7644737911109187,0
2023-10-02 05:15:00,88.51918729506578,1.6573508171447868,112.1958252818613,0.8274552528604261,1
2023-10-02 05:20:00,72.69549052951561,1.377230838379181,85.13161215103372,0.9723515541650603,1
2023-10-02 05:25:00,33.034754166514375,1.950515320830273,108.63287341197105,0.8521178940216154,0
2023-10-02 05:30:00,25.645499792034386,1.4733378828494057,95.15757499194844,0.7563761142445968,0
2023-10-02 05:35:00,71.39354225650524,2.246846476163321,40.850257476332125,0.7230915008142622,0
2023-10-02 05:40:00,22.120904843329747,2.301403728022517,111.22079765572576,0.9088468435413776,1
2023-10-02 05:45:00,66.86204650187706,1.3434418537469108,35.979945992019736,0.8148396293309164,0
2023-10-02 05:50:00,95.2184193139966,1.0536555944701032,78.05707252929875,0.9465492839756078,0
2023-10-02 05:55:00,66.03793423007032,1.6847006571867245,42.792341141411185,0.8978532305922311,0
2023-10-02 06:00:00,51.05359409652175,2.3247266912333817,31.053594965781365,0.9388724351624105,0
2023-10-02 06:05:00,71.46305747538825,0.9213243780113332,67.98308341148751,0.7815838118255346,1
2023-10-02 06:10:00,56.660231239321334,1.7459331671269656,56.55366368887406,0.9077076767383174,0
2023-10-02 06:15:00,63.6493431452748,1.763120440185041,73.74004444178428,0.7792185954081156,1
2023-10-02 06:20:00,95.317184702122,1.966226044830562,81.94798980610958,0.9817205438350876,1
2023-10-02 06:25:00,50.88821102406194,0.7631353702545196,33.936516507805266,0.8909122844600124,1
2023-10-02 06:30:00,96.89524510591313,1.9316499293641771,41.070296561137106,0.7973535400526026,0
2023-10-02 06:35:00,92.4280513564851,2.318065041331282,80.27781568053828,0.7808535586876818,1
2023-10-02 06:40:00,35.663290783143715,0.8593662177404839,60.885061785539236,0.757277975521493,0
2023-10-02 06:45:00,25.548904070013236,0.9750866498477553,95.62561387945031,0.9083922876681183,0
2023-10-02 06:50:00,28.062240110194132,2.442790188083279,88.70624837327458,0.7656146838993781,0
2023-10-02 06:55:00,21.45774605212398,0.8619539054189795,106.10439266909161,0.8785909797782467,1
2023-10-02 07:00:00,27.555436860474273,2.2087701867391583,92.32435440023028,0.7793905080776071,0
2023-10-02 07:05:00,74.64054187330855,1.4845557128960696,68.69379696511334,0.8985906834381605,0
2023-10-02 07:10:00,25.695091876818317,0.9944621488063541,90.56699601549892,0.9444819185621618,0
2023-10-02 07:15:00,45.5180504235009,2.2414998025450226,54.784305682987664,0.9334075729433959,1
2023-10-02 07:20:00,87.59002487755636,1.390610510005331,57.568214890039144,0.9282553992792345,1
2023-10-02 07:25:00,21.86175485886607,1.5296347078593804,101.0086643928714,0.7563167217076756,1
2023-10-02 07:30:00,85.15747860711487,1.2184667387995314,70.1777564761424,0.7265154840953556,0
2023-10-02 07:35:00,42.548381981872,1.6859017028698549,101.85423064665173,0.9096846485462157,1
2023-10-02 07:40:00,29.4531862097325,0.8270477451700455,104.01801363014506,0.8105041641383054,0
2023-10-02 07:45:00,75.73897322913206,1.2821630733035214,107.18061038951554,0.8297038679210041,0
2023-10-02 07:50:00,70.31542774239071,2.438824644670575,112.49717122570866,0.7093447278380173,1
2023-10-02 07:55:00,90.19776108216423,1.016266865402255,68.78866984619665,0.7778729347825147,0
2023-10-02 08:00:00,78.80568350431086,1.8134733290825844,58.698013648902496,0.7101029211623392,1
2023-10-02 08:05:00,84.27847443078788,1.1503801284493897,82.39788719347024,0.9637557317803742,0
2023-10-02 08:10:00,42.562765805704515,2.0469462513732015,63.405518109386485,0.7730190049655591,1
2023-10-02 08:15:00,34.195163502377824,0.7617473214366997,84.09667501202097,0.8672011508719024,0
2023-10-02 08:20:00,80.04918013126867,2.4396420901570894,93.50272763794422,0.7116937961983391,0
2023-10-02 08:25:00,84.54677914138112,1.4075790827672785,91.95645166429232,0.9000542173916974,0
2023-10-02 08:30:00,99.24041136005387,0.9721009266929279,63.70975983181092,0.7969082037262282,0
2023-10-02 08:35:00,53.00941415291412,0.6469934946600253,45.01741815288776,0.9693757560872998,0
2023-10-02 08:40:00,49.761446863422655,0.8395158101750815,68.74764046159868,0.9664354566802107,1
2023-10-02 08:45:00,82.11303685935974,1.5395478971120353,42.83347296737179,0.7975871855085243,0
2023-10-02 08:50:00,47.264283220241424,1.1740063528625726,110.10873316654275,0.9702882687071404,1
2023-10-02 08:55:00,94.46058604828518,2.1577667317652187,61.128971466407165,0.9988473020496336,1
2023-10-02 09:00:00,88.67302014744095,1.3617750473236119,43.901377250099145,0.9476246992371844,1
2023-10-02 09:05:00,54.319522190001464,0.9974285451752598,32.29029839151758,0.9534614043265687,0
2023-10-02 09:10:00,80.06968542331978,1.73428997320806,88.12401476578358,0.7747026208327269,0
2023-10-02 09:15:00,80.36342992677459,1.9135544337708916,87.3212085709269,0.8730107196573269,0
2023-10-02 09:20:00,28.24990950687461,0.8340838158018997,60.65437499231625,0.7201767741902103,1
2023-10-02 09:25:00,92.20423253436533,0.8352384325766353,36.45406999628859,0.7284753810465009,0
2023-10-02 09:30:00,60.42018979582857,0.5733428538670859,66.86660054057089,0.9996677836099872,0
2023-10-02 09:35:00,86.11659728861933,1.972804030131281,58.00957455570543,0.7979917748277733,1
2023-10-02 09:40:00,45.603968082448944,1.8276090552436102,90.94085757615085,0.9244551736146539,1
2023-10-02 09:45:00,91.64185827969604,1.4492617514996278,84.52013245074212,0.941999515908045,1
2023-10-02 09:50:00,51.13613429873305,2.188340897938394,62.8134355377786,0.9574069813021687,1
2023-10-02 09:55:00,20.86701211842387,2.1113403059001064,49.61032988294911,0.999288489220647,1
2023-10-02 10:00:00,92.4305581135411,1.6707087287935043,118.92323695400327,0.7724489455770603,1
2023-10-02 10:05:00,27.302934142890685,2.2365425610265173,70.86014590765033,0.7121052480579099,0
2023-10-02 10:10:00,45.54509100723319,0.9116824200735365,91.94468122022133,0.8233574553983758,1
2023-10-02 10:15:00,96.0049573640644,0.7238392387954558,42.64976708205247,0.739024200948684,0
2023-10-02 10:20:00,96.04857175500449,1.0394992230339792,73.70307296934581,0.7067277667486165,0
2023-10-02 10:25:00,65.87503104986288,0.6141737121786297,32.47830478825189,0.8081280481424458,0
2023-10-02 10:30:00,70.54697697358394,1.562339056002064,75.4909606119405,0.935121475322571,1
2023-10-02 10:35:00,55.87564175826558,2.373211384589923,116.76156664059322,0.8698542073675213,0
2023-10-02 10:40:00,43.456861735845166,0.5786870813370193,64.57860416872202,0.7938333967631062,1
2023-10-02 10:45:00,46.29316362959328,0.7442198280200536,33.50964113174204,0.8963026016478159,1
2023-10-02 10:50:00,73.80147648616307,1.4043980565668706,32.78602118274092,0.7696054540926431,0
2023-10-02 10:55:00,80.1899623550144,2.36775003505581,64.91880839521826,0.7043144338216255,1
2023-10-02 11:00:00,83.32632349806788,1.132312209953501,44.402244281687466,0.9293060159309282,0
2023-10-02 11:05:00,83.16945142356431,1.5144696173767849,32.101688669536735,0.8871229254592027,0
2023-10-02 11:10:00,27.29648824389523,0.5831457181007842,98.05922525551591,0.928690787350288,1
2023-10-02 11:15:00,59.553624376206514,0.7966864019241777,71.26707079937016,0.7116814050062996,0
2023-10-02 11:20:00,24.604700801331543,2.473260245917694,56.032029477538906,0.9511358883491956,0
2023-10-02 11:25:00,63.96231058589884,2.4302373928720913,111.00748647148326,0.885857860010891,0
2023-10-02 11:30:00,55.32244010987016,0.5098799618688192,40.45250641804731,0.869018605213792,1
2023-10-02 11:35:00,91.01633462066398,2.403623570846478,116.03269460597873,0.8873842144343594,0
2023-10-02 11:40:00,48.07320100416629,1.7782398756310007,58.25700456396176,0.9593299740605092,1
2023-10-02 11:45:00,29.36536131420847,2.2358365890400442,109.95633050778132,0.8760809519676721,1
2023-10-02 11:50:00,31.43933456422687,1.4094797112677182,84.26485888315153,0.8742851139664538,0
2023-10-02 11:55:00,80.92085053739778,1.5311920571585005,104.40366237673388,0.9972037471197297,0
2023-10-02 12:00:00,69.45744506530089,1.4776931605138404,118.56118468894178,0.9270190501205704,1
2023-10-02 12:05:00,28.08981408982322,1.8337285150922087,55.956489403687115,0.8326881416353406,1
2023-10-02 12:10:00,26.728544489199795,0.7793025095126258,116.50219368668337,0.9122191000098783,0
2023-10-02 12:15:00,76.0775305167296,0.5599471797453559,65.05337054121783,0.8167691415075365,0
2023-10-02 12:20:00,25.821040509135482,1.1158598831823818,64.69607142632302,0.7686626387450497,1
2023-10-02 12:25:00,85.7488047432285,1.9093615254732934,60.63483938290551,0.8790555630663278,1
2023-10-02 12:30:00,76.4993781725197,0.9037069042458967,78.72668466128266,0.9784546294341854,1
2023-10-02 12:35:00,26.50790245135198,1.8468648666498346,43.873053886063836,0.9787418560046388,1
2023-10-02 12:40:00,26.787017126815353,2.4398240922145407,79.834033682221,0.802571583431647,1
2023-10-02 12:45:00,98.93116628009403,0.6878014315788368,78.75343311690037,0.8583032398665085,0
2023-10-02 12:50:00,49.941663660489624,1.8452042364502526,98.5711631344383,0.7634907695709583,1
2023-10-02 12:55:00,49.65137176535127,1.3875004386091423,105.0284965743827,0.9986893328496651,1
2023-10-02 13:00:00,85.0239653806002,2.236284508755011,69.63972152811817,0.9943353723603807,0
2023-10-02 13:05:00,95.7798861907087,0.8542995788947718,57.20999244163444,0.8948526789122342,0
2023-10-02 13:10:00,98.88008510582966,1.885251904452329,53.3401407585385,0.9413242179032419,1
2023-10-02 13:15:00,80.27025482071534,2.17623057929622,47.51614530343848,0.91453004838511,1
2023-10-02 13:20:00,50.10076684247326,2.3892284389480465,35.18828239791224,0.8779474657118405,0
2023-10-02 13:25:00,26.6800573358935,1.8664960565792916,60.8203180951242,0.7160043990966692,1
2023-10-02 13:30:00,82.17175327419494,1.4943495280168546,54.322292291770495,0.8364293027657983,1
2023-10-02 13:35:00,64.6723399788644,1.7356944804024277,116.97756472797666,0.9024358906502231,0
2023-10-02 13:40:00,53.937760739758104,2.2378099689574364,80.19379436250395,0.9032594841651054,1
2023-10-02 13:45:00,92.50835080757888,1.6412194932776594,61.25493351274568,0.811936785526715,0
2023-10-02 13:50:00,28.895798584492105,0.5607741193936737,82.24208408943264,0.9825075959974092,0
2023-10-02 13:55:00,59.41000834326873,2.3618973910139553,42.527703121112594,0.7502071096710342,0
2023-10-02 14:00:00,20.908291581393527,1.8790535020631223,69.96393742819826,0.8501078338646681,0
2023-10-02 14:05:00,57.4928513595301,1.853026771554493,86.36108892789574,0.9072651929652469,1
2023-10-02 14:10:00,24.504262054546988,0.9313503047954343,74.00080486132063,0.9091407417675428,0
2023-10-02 14:15:00,29.505433301445755,1.8177709404653144,66.16009205888918,0.8945916870306446,1
2023-10-02 14:20:00,29.40209974216839,1.287728811308317,119.44635500097283,0.782586464035558,1
2023-10-02 14:25:00,71.93682416928509,1.8024659540829842,109.22832859340343,0.7468619706059866,1
2023-10-02 14:30:00,79.68359034123387,0.7131860606159814,86.10653623434962,0.8907820980480132,1
2023-10-02 14:35:00,66.66950120777277,1.815690609206072,81.24396250640545,0.8797906348418313,1
2023-10-02 14:40:00,96.97380387796335,2.498827451541333,85.85944318421257,0.7538068030867723,0
2023-10-02 14:45:00,49.98964636189633,0.5964240777211121,48.11808970401899,0.911541743671169,0
2023-10-02 14:50:00,42.85696690254886,2.4543483684426346,65.56239689378867,0.8365515975200969,0
2023-10-02 14:55:00,89.48793025515683,1.3138159214457412,33.55135796018094,0.9003281774809458,0
2023-10-02 15:00:00,37.88766708155621,2.2415069006745183,72.7991433738144,0.9512101239310452,1
2023-10-02 15:05:00,97.0578031552489,2.064770968116547,78.87221255618968,0.750918528573077,0
2023-10-02 15:10:00,20.972357975185307,1.6340325219733356,50.497476249288866,0.705743460399051,1
2023-10-02 15:15:00,97.59030613661112,1.976898418502653,116.76259624489623,0.933730775918736,1
2023-10-02 15:20:00,23.45279295604609,2.2570311226026956,111.85091498435177,0.8829092275457848,0
2023-10-02 15:25:00,91.29144909584569,1.308280643302066,94.99289119103153,0.9098918708866365,0
2023-10-02 15:30:00,62.21608872690399,1.1540663231264774,78.00479658888264,0.9514464924965927,0
2023-10-02 15:35:00,99.43718368954403,1.8351867711271694,108.29722436829165,0.9408432804473501,0
2023-10-02 15:40:00,25.90372517883191,2.1156918838825174,41.75871094411166,0.9882760440786473,1
2023-10-02 15:45:00,64.30834275210566,2.0245702695532315,101.14588148473965,0.8607805236556354,1
2023-10-02 15:50:00,97.54420284952792,2.095627297717269,41.23387325701635,0.8465486897979716,0
2023-10-02 15:55:00,61.847827533611905,1.371166629625866,101.47895962944649,0.8205661599672189,1
2023-10-02 16:00:00,70.351891050821,2.1356684323500432,54.819081142622125,0.7461073128532614,1
2023-10-02 16:05:00,75.65989511876937,0.7404181107412169,108.93815229163701,0.8717821698646067,1
2023-10-02 16:10:00,56.36328518142186,1.588978195921699,114.96378844428581,0.7831037572977936,0
2023-10-02 16:15:00,70.20464640672508,0.5115173209962431,43.391637246460405,0.9763922536638927,1
2023-10-02 16:20:00,66.74514495384801,1.1491716598005406,71.64080445588542,0.8749572412831292,0
2023-10-02 16:25:00,92.09264083927911,1.2329230697427958,118.28886403464166,0.8778520541524331,0
2023-10-02 16:30:00,23.63571042731663,1.2923453832185108,73.5066692375832,0.8064773982631029,1
2023-10-02 16:35:00,42.477055167378424,1.8909344133797243,107.71927702630906,0.7155968055933122,1
2023-10-02 16:40:00,96.0329187261247,1.2771162025406915,82.98583699181879,0.7095231296118966,0
2023-10-02 16:45:00,91.2211027112733,1.3973872452450613,63.77969171276417,0.8270005432459593,1
2023-10-02 16:50:00,56.45254022285704,0.9750882617486549,55.72051999732832,0.7253696134291713,1
2023-10-02 16:55:00,69.61060782412294,1.2465035832586802,48.29007819774785,0.8820540866620417,0
2023-10-02 17:00:00,42.19049463849061,0.954539254526303,98.56183722399275,0.9642919016918972,0
2023-10-02 17:05:00,35.0496927779009,0.6463918475368873,64.78864561407251,0.9648744449556166,0
2023-10-02 17:10:00,57.09587239519857,1.7068971867627558,76.0147915980676,0.8977136230396697,0
2023-10-02 17:15:00,48.268178242084225,1.8364255971100325,74.30929320010637,0.7633695494418793,1
2023-10-02 17:20:00,66.69248894806977,1.738980692019229,81.9551126309818,0.9588990494076617,1
2023-10-02 17:25:00,26.218770957198785,1.4269880876011447,107.9019431062097,0.9658280305939624,0
2023-10-02 17:30:00,97.95158461329332,1.2595715603584596,118.26654092250864,0.7589960754858875,0
2023-10-02 17:35:00,98.89685955836823,2.2266672991436502,66.68257877164353,0.9212278257312032,0
2023-10-02 17:40:00,75.85293712157961,1.538163570272436,104.47670298956727,0.7859558646781368,1
2023-10-02 17:45:00,62.88770930752963,1.458363755259462,98.80750151892458,0.9407920937058789,0
2023-10-02 17:50:00,44.76220930290622,0.5512841316128714,81.6176056310016,0.9991713699710808,1
2023-10-02 17:55:00,85.10360157655589,1.1824956552523127,116.04424292507397,0.7090078015988178,0
2023-10-02 18:00:00,74.77849380431034,1.2603912375717141,48.04270639755625,0.9692097597372795,0
2023-10-02 18:05:00,33.00935514759131,1.297645561793801,39.83377892786593,0.8867891600795974,0
2023-10-02 18:10:00,92.8741747595074,1.6603447384546646,106.85657702598799,0.9920147857494463,1
2023-10-02 18:15:00,85.80297943385352,1.567205093453757,69.52348349703735,0.8395028552579282,1
2023-10-02 18:20:00,95.98399306335392,1.7158101855868892,106.22719687863544,0.9542163791714121,1
2023-10-02 18:25:00,78.0575606710688,2.0297665230842563,110.37811846758734,0.7187182205794831,0
2023-10-02 18:30:00,69.07321567486319,2.125971477432187,35.62118342571643,0.8005837150234887,1
2023-10-02 18:35:00,53.45944290324951,1.9362461524529888,109.51182866874547,0.720104961325363,1
2023-10-02 18:40:00,94.61827866832107,2.4110473919098694,70.34871498324799,0.9926029400437212,0
2023-10-02 18:45:00,89.28511116003267,0.5364651653527233,75.9389240103809,0.9450921721815511,0
2023-10-02 18:50:00,23.617493608495153,0.8915559713670922,86.39332599838892,0.9557642263737911,1
2023-10-02 18:55:00,22.109357959780162,0.5151257499562842,113.3744346057078,0.9813895694301682,1
2023-10-02 19:00:00,50.117069350243966,1.794949428309206,31.720448498678763,0.7255310458359355,1
2023-10-02 19:05:00,84.84426646254663,2.296061097899974,72.91591214860354,0.815679277754,1
2023-10-02 19:10:00,98.98209034519556,0.9869645931525985,91.89498381875046,0.7213104667132006,0
2023-10-02 19:15:00,32.033351288282255,2.3540690895926133,95.04362619284056,0.7632379304650085,0
2023-10-02 19:20:00,67.5304572281708,0.6205347805791217,92.32791883833971,0.7688097331113016,0
2023-10-02 19:25:00,50.47126853048172,2.3688720536110286,42.09916164673096,0.8407321633142736,1
2023-10-02 19:30:00,97.59315182516826,1.2032453744792688,56.94560295345131,0.7805686502360928,1
2023-10-02 19:35:00,87.36951385085669,0.702841656898433,62.28439728753121,0.7302934320453283,0
2023-10-02 19:40:00,87.06629637689103,1.4717435183726513,102.39934869115545,0.7502473267282322,0
2023-10-02 19:45:00,57.49545278359762,1.0135531354410159,55.088388517309774,0.7441826690656272,1
2023-10-02 19:50:00,53.185560187013216,1.0697458039238457,48.963446748048284,0.9919230393736895,1
2023-10-02 19:55:00,41.8725657544565,1.1145799298525731,116.17032171342865,0.9277877520755421,0
2023-10-02 20:00:00,24.51003973207417,2.106051795665327,30.797695660212202,0.9903284395808686,0
2023-10-02 20:05:00,89.17779010040425,1.578322553350509,119.80387701137803,0.8319221459523726,0
2023-10-02 20:10:00,85.03208073040621,1.1226153983120073,90.9139168971656,0.783510544498797,1
2023-10-02 20:15:00,99.97741386289044,1.7206675666218367,104.56223695042054,0.939487959162756,1
2023-10-02 20:20:00,99.73094696591244,1.9323013484463871,56.51574567115738,0.797876175412344,1
2023-10-02 20:25:00,64.4345364482102,1.0452480014670675,31.288374990035397,0.7898150121116044,1
2023-10-02 20:30:00,81.51899321444084,1.327098203050703,96.40825667053771,0.7697517976623494,1
2023-10-02 20:35:00,95.58125839059424,0.7437721866738951,105.07301373006082,0.7389036934672706,1
2023-10-02 20:40:00,87.97179125419292,0.8622986990693606,96.64285187581672,0.7769389183050297,0
2023-10-02 20:45:00,39.78784813945581,1.8622357079299656,42.856525857075475,0.8065959245421663,0
2023-10-02 20:50:00,56.04353082480748,0.8628766953912539,97.80851300312722,0.9021982624437191,1
2023-10-02 20:55:00,30.3327532121196,1.5503267673341203,99.20305038968769,0.7187694526658355,0
2023-10-02 21:00:00,96.32408218069779,1.9180925234448654,89.26864641030494,0.7631520818996028,1
2023-10-02 21:05:00,68.49397075607041,0.7137538461894877,98.95043395160276,0.9427070920875029,0
2023-10-02 21:10:00,38.29142444027702,1.634624439257807,106.1329295709959,0.7440765770751312,1
2023-10-02 21:15:00,73.73605475246853,1.0131255674027275,85.22437028137125,0.8027935439567564,0
2023-10-02 21:20:00,69.45025923663167,2.4258537504751594,37.97442425727112,0.959397676557442,0
2023-10-02 21:25:00,48.65301744262724,1.4670912934398495,73.88650287004899,0.7464775933430328,1
2023-10-02 21:30:00,29.08460737597032,2.111985099550316,36.98844012044446,0.7248210506854569,1
2023-10-02 21:35:00,73.72585564742397,1.6004530843125235,66.67887279291878,0.8453613985240032,0
2023-10-02 21:40:00,61.62461607230347,0.5868250657096383,66.63958402130649,0.7907258533835608,0
2023-10-02 21:45:00,81.78547133885115,1.7663027511880447,35.94088597262174,0.8690225093451562,1
2023-10-02 21:50:00,61.61308008895947,2.402806684413314,61.39384805725314,0.9411414671450425,0
2023-10-02 21:55:00,88.1745200254832,1.7032236402926624,39.98982889121834,0.741144546445823,1
2023-10-02 22:00:00,64.15254710195885,2.1383777188535804,102.74116890082999,0.8742097253662855,1
2023-10-02 22:05:00,64.87503772283091,2.268412926696816,115.29192233680237,0.8516526281169592,0
2023-10-02 22:10:00,90.1322882126676,0.956159543897865,36.508482773214475,0.7432236358039598,1
2023-10-02 22:15:00,52.27862929699177,0.9240896798164533,115.96036865625312,0.8871995456586947,0
2023-10-02 22:20:00,30.72121827605126,1.7219619777019834,77.03189394030707,0.7820921253582315,0
2023-10-02 22:25:00,22.302614105067118,1.3220569396134094,56.96091101584865,0.8463502955632037,1
2023-10-02 22:30:00,80.41098045388952,2.1797226057334407,36.91758677485471,0.7246816972831185,0
2023-10-02 22:35:00,69.62476410827718,2.3000462467960223,75.0561841263376,0.8378752171640869,1
2023-10-02 22:40:00,76.32638144793788,1.2068427586054362,101.50639900416738,0.791939040412846,1
2023-10-02 22:45:00,37.03713292071286,0.9737411179489641,93.63778295400283,0.9467143633556063,1
2023-10-02 22:50:00,30.90971804694158,2.0610510304877234,34.52034103175764,0.7170936180992105,0
2023-10-02 22:55:00,21.163573253430556,1.0496120710962722,36.561165183111314,0.825582182475499,1
2023-10-02 23:00:00,48.04700470452776,2.1452286370273566,66.25859543693734,0.8375294272394314,0
2023-10-02 23:05:00,67.19341494837064,1.3474765072975257,56.57614446431489,0.9175018228897356,1
2023-10-02 23:10:00,51.379523607978584,1.835099798582941,50.914589075044304,0.8722862725270633,1
2023-10-02 23:15:00,54.99799376189833,0.6910706276693364,55.29040490178423,0.9001637011582543,1
2023-10-02 23:20:00,92.33269555949987,1.747718649353146,102.31344689671961,0.9331147856955269,0
2023-10-02 23:25:00,47.86043736186403,1.4035353574744582,113.63052482686685,0.9586608920974566,0
2023-10-02 23:30:00,61.119159132784866,1.6732169263509482,66.45924250748098,0.7941626490167412,1
2023-10-02 23:35:00,82.69224101929144,0.8360284154897268,111.54999019192473,0.8614068116091709,1
2023-10-02 23:40:00,51.72342258570161,1.9737474898883642,58.93461311230938,0.9520324235317599,0
2023-10-02 23:45:00,69.76693601822987,2.225594155086457,72.87932877094124,0.996835339289517,0
2023-10-02 23:50:00,88.98909669973962,0.9334796001815513,50.34260980343997,0.966855793313129,0
2023-10-02 23:55:00,95.96164989261138,0.6914291110403235,87.64284379582597,0.811440178787313,1
2023-10-03 00:00:00,31.765878474323035,0.5472771720926728,118.1083003657328,0.7585499551655951,0
2023-10-03 00:05:00,94.12701001291956,1.783943000886532,84.31437864390408,0.8468177612219766,1
2023-10-03 00:10:00,59.369303446363055,1.7141880721775615,62.203267570219396,0.9224924355508126,0
2023-10-03 00:15:00,40.659551063916666,1.59339482542814,88.30357013914755,0.8477707212259893,1
2023-10-03 00:20:00,56.7308604990609,0.9638941922319508,41.06286106188488,0.8449542589941006,1
2023-10-03 00:25:00,98.40260602283817,1.2818119918110293,109.97931722388587,0.9514691263245402,1
2023-10-03 00:30:00,59.40944751942957,1.688952670372346,75.27755557018527,0.8084211337201559,0
2023-10-03 00:35:00,46.300128823000655,1.4935337177183388,70.4414767835678,0.9579384024434936,0
2023-10-03 00:40:00,70.67206834533806,2.4755710404297746,82.72783096081673,0.8220414402855171,0
2023-10-03 00:45:00,39.21164950225545,0.7728795051134663,86.23054765104622,0.7984699317035018,1
2023-10-03 00:50:00,26.06906624869311,1.8902891080951876,36.45982256038617,0.8361969733599097,1
2023-10-03 00:55:00,30.310377752851938,1.3086375362085843,91.43554991010622,0.9287340876024606,0
2023-10-03 01:00:00,30.243667116621793,1.3563992298512295,51.77385122839766,0.7378006083591983,1
2023-10-03 01:05:00,32.15221548098355,1.9351955313163525,94.25573692559308,0.7589257647616052,1
2023-10-03 01:10:00,31.10617381195281,1.8848723026487393,104.0281314945777,0.9854334476989276,1
2023-10-03 01:15:00,71.26997958425717,2.4825119874043766,102.35626567972683,0.7526474882144072,0
2023-10-03 01:20:00,34.55040675193159,0.7567885789082505,79.72508706671002,0.8703181953793163,1
2023-10-03 01:25:00,47.65338266590906,0.7082192987683327,76.81529030796762,0.8737943399985814,0
2023-10-03 01:30:00,91.74307279248094,1.9486776342574823,42.85883652054706,0.8468873386150735,0
2023-10-03 01:35:00,57.916931221029785,1.6567738340128182,99.7811535362822,0.8934235745730456,0
2023-10-03 01:40:00,73.40461908168217,1.0483213331196117,54.42684424020429,0.7689480177392854,0
2023-10-03 01:45:00,33.78558969613039,0.6588387379779732,74.70258805361519,0.8657986803330244,0
2023-10-03 01:50:00,35.38312150469366,0.6713164991928611,55.5846683634765,0.8116519765740691,1
2023-10-03 01:55:00,23.26948930131831,2.2883817493282366,42.04455266997238,0.8985001778887567,0
2023-10-03 02:00:00,33.514805045773166,0.8837346494374858,86.66019272025629,0.7423670630119448,0
2023-10-03 02:05:00,42.287227122556686,1.1467431242310415,34.88988313406134,0.8712632250518428,0
2023-10-03 02:10:00,34.160838742139745,0.953312804453976,97.378071071358,0.7555811066149971,1
2023-10-03 02:15:00,27.096202700564447,1.2099926116638746,58.5828115735005,0.7835929189345109,1
2023-10-03 02:20:00,29.650869688048065,0.6388476854921867,30.012122370403677,0.7656129400970749,1
2023-10-03 02:25:00,56.86230144261806,1.5381195818165407,76.00162253135068,0.7548513339606451,1
2023-10-03 02:30:00,36.5066974724634,0.6352251271844298,34.21667176748428,0.9477132854682001,0
2023-10-03 02:35:00,49.14158888384604,2.100713015644723,54.85526020388095,0.7857122702982671,0
2023-10-03 02:40:00,60.27338166838855,0.967424163820866,93.62788387101446,0.9781371345593348,1
2023-10-03 02:45:00,75.23158629034923,1.5800238292090212,35.64206594596793,0.9909779576035573,1
2023-10-03 02:50:00,23.144971187287915,2.2601581751229167,105.54046431204021,0.8713781409811292,1
2023-10-03 02:55:00,83.95283191272341,1.8017547380943884,30.34379303927248,0.7429003367997179,1
2023-10-03 03:00:00,70.23203115927262,1.5659155731026706,52.2141482281712,0.8123644730138744,0
2023-10-03 03:05:00,26.540722555909753,1.1486675062307512,96.68136505368643,0.9393196790044642,1
2023-10-03 03:10:00,89.88628992854218,1.1660038261163959,58.46431347563761,0.8102172186091211,1
2023-10-03 03:15:00,93.66979204254505,1.8389739103963803,39.17031492594122,0.7261051654908366,1
2023-10-03 03:20:00,24.8862367883891,2.488278722442335,62.42105269203851,0.8670354732784564,1
2023-10-03 03:25:00,42.1502118517763,1.8236783796987572,54.3353957746073,0.9535362554488105,1
2023-10-03 03:30:00,84.4961023834449,1.6155668347400498,105.84407119444994,0.9387779161430507,1
2023-10-03 03:35:00,79.86077523069267,1.9613010204784922,58.20131258266288,0.7525369420391059,1
2023-10-03 03:40:00,34.76168154851018,1.4304112245674363,101.00392245984065,0.9018293843237399,0
2023-10-03 03:45:00,36.747945866936824,0.6202846852015704,110.26849303296612,0.7661512790306941,0
2023-10-03 03:50:00,49.63776822331056,1.6245936317558196,69.04356776188766,0.7654622603656517,0
2023-10-03 03:55:00,58.761838815281706,2.4152505690107606,111.89488294689528,0.9622215319915555,0
2023-10-03 04:00:00,69.46038172242368,0.8506058847153193,63.95862485668736,0.7749006858220691,0
2023-10-03 04:05:00,49.51309116558179,1.8800097816413315,116.76705748410974,0.7789742039554033,0
2023-10-03 04:10:00,57.002777290651835,0.901867377318113,38.03605720730157,0.7001960172283899,1
2023-10-03 04:15:00,79.79767505070052,1.5716553689461625,91.83173398529185,0.9612007102376553,1
2023-10-03 04:20:00,22.934656231247832,0.6933528992934392,74.44326364112358,0.9377784439627403,0
2023-10-03 04:25:00,40.19495554752166,1.4007418725163703,64.88839249100823,0.8881986805272034,1
2023-10-03 04:30:00,77.0679668707642,2.012326657790492,86.94406908737409,0.9250797291816526,0
2023-10-03 04:35:00,91.61654701497595,1.1951430484779642,93.34713824708982,0.7456145702273475,1
2023-10-03 04:40:00,60.93419536925329,1.829823448974436,30.39269426852782,0.8374970783762726,1
2023-10-03 04:45:00,62.569078821225254,2.0908999215794584,45.025777987247885,0.8053658162046342,1
2023-10-03 04:50:00,28.573760907182084,2.3543556389589053,94.17414455708868,0.7281329578771049,1
2023-10-03 04:55:00,55.79298934587637,0.9692841637109071,89.97468722203858,0.8458391455644771,1
2023-10-03 05:00:00,62.60938131640185,1.2986318316186163,116.94427546158094,0.9762218951027906,1
2023-10-03 05:05:00,39.39764029077837,0.8048320266608349,98.49340112257048,0.7120177357152083,0
2023-10-03 05:10:00,41.539458475950475,2.4849670043167507,115.56954369582043,0.7874382740481382,0
2023-10-03 05:15:00,50.18273304836981,2.354001935848591,93.22864513813263,0.762262280861711,1
2023-10-03 05:20:00,21.60569582221811,1.5799142605611192,56.824698777549884,0.7714439960997088,0
2023-10-03 05:25:00,45.76633324665426,2.1840665887528425,39.482843002577084,0.9725303655638126,1
2023-10-03 05:30:00,36.91584055972357,1.5419159545440844,100.3641477010442,0.840420716270287,0
2023-10-03 05:35:00,46.19978817423317,1.7471713760055194,87.97342993283243,0.8398898238819457,1
2023-10-03 05:40:00,29.580970545540097,0.6782488642320332,34.33674111539666,0.9281726927365846,0
2023-10-03 05:45:00,91.2421824591916,2.010540840993616,62.40454193108805,0.7463476612014777,1
2023-10-03 05:50:00,67.48739628432389,0.7554269672704697,116.11198339358576,0.8461796062300152,0
2023-10-03 05:55:00,74.32818553155917,2.152135260505057,75.0361031139181,0.8289955642363179,1
2023-10-03 06:00:00,83.13369908858706,2.064056175340772,68.94562224177342,0.8790732071639968,0
2023-10-03 06:05:00,59.87537591432458,1.9174893954859529,71.19296446433646,0.9998673109751316,1
2023-10-03 06:10:00,26.953623046993897,0.5723207610495242,48.799445160464735,0.9308346682246141,1
2023-10-03 06:15:00,62.968523345483824,1.1062567118906572,63.18364537783157,0.8193597109052282,1
2023-10-03 06:20:00,66.94728944167034,1.0262251398216857,63.283193038845894,0.9482659156822141,0
2023-10-03 06:25:00,79.6351579347464,1.2202728149430382,34.711951816872514,0.751212508993744,0
2023-10-03 06:30:00,54.53276369837435,0.6752854935276771,99.08108656661264,0.709139105892688,0
2023-10-03 06:35:00,30.2064242236451,2.373915646062126,67.4853988713491,0.7613345117392819,1
2023-10-03 06:40:00,42.702072463897956,1.6076044814247525,103.9961898134781,0.8021234668342778,0
2023-10-03 06:45:00,49.046583711890804,1.111048621316047,106.53132010079058,0.853174227237868,1
2023-10-03 06:50:00,71.67337930652809,1.2939630341485668,49.079464922879225,0.88453874216236,0
2023-10-03 06:55:00,65.66226437351295,1.3944050810096713,89.16181339531157,0.9731817151643265,0
2023-10-03 07:00:00,48.4877380718277,1.7011886667212346,72.50536237466835,0.8529562028651373,0
2023-10-03 07:05:00,98.92121990343837,1.5313588553929955,109.21410641293366,0.8503826933877188,0
2023-10-03 07:10:00,68.46198554855097,2.3387839464288347,49.41666112588087,0.7150729029468946,1
2023-10-03 07:15:00,38.97814333887956,1.4939269658116605,91.00318802790397,0.7104734657968671,0
2023-10-03 07:20:00,28.1425978096323,2.4843160296466253,84.69769100274503,0.8653479885749116,0
2023-10-03 07:25:00,32.22873113474656,2.2028499154901917,56.57713298146495,0.8314535839745033,1
2023-10-03 07:30:00,39.67661827076065,0.9170210287146716,42.294081328605536,0.9517541184940896,1
2023-10-03 07:35:00,32.85450986076445,2.3611904292878325,88.64757844295488,0.7482038754135535,0
2023-10-03 07:40:00,34.925361924104465,0.7327327957709522,96.47377123190977,0.7074914986351148,0
2023-10-03 07:45:00,42.807613495507766,2.134899416982383,58.4064609387015,0.8347116303790377,1
2023-10-03 07:50:00,33.86988762358038,1.2612465869531602,88.03493436200824,0.7712435670256772,1
2023-10-03 07:55:00,91.74123397011401,2.2559486408901392,65.5617816850353,0.7148843120016511,1
2023-10-03 08:00:00,26.418699652931377,2.236113380214901,94.18861949543559,0.9173794860542887,0
2023-10-03 08:05:00,61.960911165620374,2.111850800235242,47.92937474046478,0.7334778999871742,0
2023-10-03 08:10:00,52.83174615917292,2.0800608726141228,110.11935023725569,0.8824958500023314,0
2023-10-03 08:15:00,98.59028935268852,1.1093582781960816,55.866863681902174,0.7843149250500667,1
2023-10-03 08:20:00,28.963112173444188,0.6618385661025044,63.10073889805376,0.7520488151065066,1
2023-10-03 08:25:00,51.82844792365933,1.305960357530323,35.22827568723148,0.8139254568757952,1
2023-10-03 08:30:00,97.55763466202951,0.8470490299730173,40.036099108914875,0.9404337328668861,0
2023-10-03 08:35:00,89.24057007151842,1.8899021778049234,76.42757124410953,0.8176280730713718,1
2023-10-03 08:40:00,85.3657656759424,1.192199453075571,54.08334090551743,0.9252308947633168,0
2023-10-03 08:45:00,40.632226163595185,2.45122040171983,105.1932203167975,0.7376458890397452,1
2023-10-03 08:50:00,33.67100699120527,1.781944154690664,31.322404978945848,0.9318314258995237,0
2023-10-03 08:55:00,73.49145759395448,2.144961127268722,64.11846438047425,0.7710799974719945,0
2023-10-03 09:00:00,94.35007913020686,0.7650493454836969,60.36109920921834,0.9032179389666618,1
2023-10-03 09:05:00,64.54103144111438,2.224028964545245,31.739486782584095,0.8697344664522989,0
2023-10-03 09:10:00,65.72901515759199,2.3455143810267884,41.19315591004592,0.9787434151635062,1
2023-10-03 09:15:00,42.39832749282273,1.4741238376378718,67.22784074267717,0.8161967553925942,0
2023-10-03 09:20:00,81.55943465535495,1.7125058755019549,74.3578126002702,0.7198495566503321,1
2023-10-03 09:25:00,34.96349988460187,2.029619601805991,66.38607725293822,0.7057466456653758,1
2023-10-03 09:30:00,45.89433891233949,0.8496772545208251,77.78439105708844,0.948057568291826,0
2023-10-03 09:35:00,54.034915089313344,1.5051321529268848,83.56185074151134,0.8574206912984297,1
2023-10-03 09:40:00,60.6088302947564,1.2973260555446262,30.893143901505205,0.9325732155504848,0
2023-10-03 09:45:00,39.392778593206415,0.7927479843244982,71.76856435081535,0.7703276800034544,1
2023-10-03 09:50:00,29.186945979136283,1.2350688445830629,116.71493167988295,0.8035251236539701,1
2023-10-03 09:55:00,68.8496033953306,0.6363446187709871,76.71290521165938,0.7090311616633956,1
2023-10-03 10:00:00,43.09044425922046,0.551623813898974,90.97880407130579,0.9884476973722336,1
2023-10-03 10:05:00,66.49905771380898,0.7703325783096455,58.06774721251949,0.900360372010244,0
2023-10-03 10:10:00,32.34901722193619,2.4262302231783477,99.65922403374863,0.9799615263277919,1
2023-10-03 10:15:00,58.4912081483854,1.599059071790034,99.56293336885035,0.7796489222287216,1
2023-10-03 10:20:00,62.60715460412687,2.4316443223064397,76.9166442888725,0.8834390833676983,0
2023-10-03 10:25:00,24.145882945794153,1.364995756660264,117.84124409512923,0.9035499904877913,0
2023-10-03 10:30:00,46.92834225551365,1.1236322661705191,41.2995193286388,0.7952649100772765,0
2023-10-03 10:35:00,30.75317415511794,1.5122837256804882,31.52528984006229,0.954432770504689,0
2023-10-03 10:40:00,25.06999763782142,1.3790233772658202,99.31423905813864,0.9841484388700743,0
2023-10-03 10:45:00,99.19681859119562,0.7113293685234878,102.64399836283943,0.9654565353088014,0
2023-10-03 10:50:00,45.788307597977834,1.7816526293804125,40.81865062085186,0.9217200927818118,1
2023-10-03 10:55:00,84.7899556683708,0.9320763650191992,53.90245496627455,0.7832394039174861,0
2023-10-03 11:00:00,40.37125238110111,1.7391759097956592,31.579712702996602,0.7844848126316895,1
2023-10-03 11:05:00,74.52021777791434,1.8004021847963068,56.39777497025082,0.9890080961338114,0
2023-10-03 11:10:00,80.81822879117493,0.8040497062572962,99.58276865268044,0.7030853487807076,1
2023-10-03 11:15:00,67.65109924862755,0.6226992542213363,76.6164474941321,0.9148149919726434,1
2023-10-03 11:20:00,57.72609508401267,2.0615231721368796,61.328603385145925,0.9118738487665786,1
2023-10-03 11:25:00,52.947273131781486,1.4196008475386404,63.456536541569726,0.8868068622849392,0
2023-10-03 11:30:00,47.90946132343962,0.6163275910109516,30.121826314392134,0.9970326538260597,0
2023-10-03 11:35:00,94.36233153982607,2.4897326343395343,56.98204748087123,0.7935638307291175,0
2023-10-03 11:40:00,86.44955262301833,0.6155611219927333,88.18128674741374,0.8019915591379744,0
2023-10-03 11:45:00,97.20215285332101,1.8900704577171064,117.67749994347214,0.7236818208839666,1
2023-10-03 11:50:00,29.943777878843576,2.4673578505268274,106.23547442855096,0.8328394409631212,0
2023-10-03 11:55:00,78.46939801629154,0.9783602084318512,32.12354681809762,0.7783145578704544,1
2023-10-03 12:00:00,95.06723654568303,0.7844987373743924,110.87045442073554,0.8030160106532932,1
2023-10-03 12:05:00,34.498645293252814,0.7427698788448578,100.48785719687633,0.9503715370766883,0
2023-10-03 12:10:00,25.3197013893422,1.106550295135191,100.23385112138824,0.9806453540582487,0
2023-10-03 12:15:00,79.28965194320472,0.7020916220212934,71.21961831032144,0.7557199216015557,0
2023-10-03 12:20:00,65.95784905439295,1.8843226833882638,65.82047636590525,0.8117526794660397,1
2023-10-03 12:25:00,87.34630214066176,0.6245835962601254,57.26241559498733,0.9785891686346182,0
2023-10-03 12:30:00,31.18179013010316,1.5188442562995794,35.91253730589292,0.7185425382067667,1
2023-10-03 12:35:00,83.62138494879122,2.4933937077059536,50.54118271443292,0.7277081584334135,0
2023-10-03 12:40:00,36.13018560381956,2.1279405390120374,52.19432714802221,0.7488372967618687,1
2023-10-03 12:45:00,33.09247542925636,1.7304388764620218,73.56693627391815,0.8785638502380624,0
2023-10-03 12:50:00,33.14126383447943,1.1125072415732233,97.26999659370246,0.7451416813017993,0
2023-10-03 12:55:00,85.16597761851057,1.747791672583277,72.64288455581519,0.9904229144352201,1
2023-10-03 13:00:00,73.215777655696,1.5540829278233033,35.20600045024445,0.8340143581775561,0
2023-10-03 13:05:00,61.845233981529546,1.352166767780743,116.20108208893835,0.8504553881050498,0
2023-10-03 13:10:00,48.7064387298802,0.761420753480399,114.8451887184701,0.773997584741622,0
2023-10-03 13:15:00,90.17604326504866,2.2732084304809335,100.66705888335676,0.84128807573042,0
2023-10-03 13:20:00,51.395608593810834,1.399569297642645,119.21951114077986,0.8985740897911034,0
2023-10-03 13:25:00,85.32795515772617,0.8892450236415301,79.00340995202367,0.9253531410862128,0
2023-10-03 13:30:00,55.13079268561747,1.2355187017545792,116.64915152278854,0.9261604248129739,0
2023-10-03 13:35:00,50.155554353992606,1.328259505057854,36.80445365550757,0.8733673338082265,1
2023-10-03 13:40:00,57.01438285356851,2.155075791133749,62.91126734352342,0.9713079324981572,1
2023-10-03 13:45:00,44.110229933131365,1.967228761122804,50.284314120608926,0.9452223541918328,0
2023-10-03 13:50:00,79.80875041410009,2.0386097872826796,47.624977572084305,0.9271144344095876,0
2023-10-03 13:55:00,60.217631207398334,0.5220625288572944,42.67226540034085,0.7166816565041382,0
2023-10-03 14:00:00,38.57701561174538,1.332307996359523,86.0172277409397,0.7020633886658948,1
2023-10-03 14:05:00,91.96596586196547,1.4626883032706472,100.31896701725745,0.7637341831586418,1
2023-10-03 14:10:00,50.711297709856915,0.5383845536461134,82.04685594783246,0.8990570781740357,0
2023-10-03 14:15:00,63.48422888911909,1.0196264174900684,43.22664386293887,0.8233592466647637,1
2023-10-03 14:20:00,92.51776887716376,2.0205796462442702,103.00113929401238,0.8207218777897936,0
2023-10-03 14:25:00,69.93903967311937,0.7742194114579981,87.23592364473556,0.9653760664688842,0
2023-10-03 14:30:00,29.351843256669127,1.5706202629051833,64.93491355142959,0.9686688544395516,0
2023-10-03 14:35:00,95.18656988907802,0.930403744034475,90.67172659824567,0.9727525792160757,0
2023-10-03 14:40:00,70.21664424571343,0.5242415492877865,53.39144813185496,0.7941634229545081,1
2023-10-03 14:45:00,46.79244917256689,0.982402915199083,61.06729876447895,0.9073167438217785,1
2023-10-03 14:50:00,31.141765813070982,2.4517475098201076,112.57372588187911,0.7814899543823108,0
2023-10-03 14:55:00,83.52201514162368,2.1030742237659794,56.145405510427835,0.7571829499223349,1
2023-10-03 15:00:00,69.60582047428107,2.419153288642067,72.2989441342143,0.7553897372042108,1
2023-10-03 15:05:00,62.67688735810572,1.475708087852725,110.11270236564131,0.8026322862590782,0
2023-10-03 15:10:00,91.51140664407662,0.719472397355007,93.69492152407747,0.8289872859339464,1
2023-10-03 15:15:00,83.08777689796246,1.595918977947386,35.59829035482325,0.9492847513165206,0
2023-10-03 15:20:00,32.1339903786201,1.4087546691199218,43.25727398510733,0.7359673280418136,0
2023-10-03 15:25:00,44.93776542364386,2.188714165479232,30.705743169472512,0.9204777542184682,0
2023-10-03 15:30:00,39.87913118515726,0.6961651615684892,86.7829611206247,0.8594364742567916,0
2023-10-03 15:35:00,79.51570340581415,1.4764822740435564,70.29060828693764,0.7863836028027977,1
2023-10-03 15:40:00,22.682594778862352,0.8000973293879685,42.084736581204794,0.8478458753598473,0
2023-10-03 15:45:00,65.59117478970532,1.14935185378012,116.21407089510934,0.7899826209331068,1
2023-10-03 15:50:00,80.99669485925524,1.9747141547755993,77.6693751551058,0.8788245865714918,0
2023-10-03 15:55:00,90.14125094093995,1.452036258737533,51.77039647016002,0.8301531768565732,0
2023-10-03 16:00:00,47.366539897272595,1.2517765702915387,75.05432140392368,0.7493216587236636,1
2023-10-03 16:05:00,85.70058437376103,1.2889525571400706,91.1658299461597,0.734974922366709,0
2023-10-03 16:10:00,28.850538956416578,1.4188935368119733,36.8615296176208,0.864008704621639,1
2023-10-03 16:15:00,87.71618333876145,2.0700330876741138,54.72334335431028,0.970723909985831,1
2023-10-03 16:20:00,30.199092986558593,2.2841693778804686,102.62689417955943,0.8031873059673056,0
2023-10-03 16:25:00,51.78298324482938,2.4106693730078566,71.36983833623951,0.919900032166787,0
2023-10-03 16:30:00,83.78362926236429,2.07380677251059,79.19194278290655,0.89759840648193,0
2023-10-03 16:35:00,31.993394187901902,1.1308137914960255,68.95344019885223,0.9794664742928443,0
2023-10-03 16:40:00,38.34011161861132,1.8762694121730843,33.95099483787046,0.9462943051897422,0
2023-10-03 16:45:00,77.7802054714453,1.3752062481107838,44.917480183814035,0.8699815776716389,0
2023-10-03 16:50:00,77.60292292368595,1.0093412440921024,70.09874748677018,0.8971091494702321,1
2023-10-03 16:55:00,71.29181063082379,2.1817431588518454,48.826691886713505,0.9695159399752105,1
2023-10-03 17:00:00,75.515875557368,0.57685269792465,34.49811257937109,0.8198556353760804,0
2023-10-03 17:05:00,63.417955467807694,2.3035239842708473,105.92846976466413,0.7980384117573331,1
2023-10-03 17:10:00,40.14392471255622,1.4229549292494683,118.30732762477042,0.7032433250905589,1
2023-10-03 17:15:00,47.65567948031355,1.7744029536165609,101.38285865970656,0.9479653222574392,0
2023-10-03 17:20:00,34.527817344114055,1.8187078444115654,106.84064295342003,0.9402942101210094,0
2023-10-03 17:25:00,92.67604490669027,2.290235481413073,51.77794172853409,0.7313363554300454,1
2023-10-03 17:30:00,66.67134358128963,1.7733393643344146,116.45642779618798,0.8730572143398101,0
2023-10-03 17:35:00,52.06811334109119,1.7278671695201235,47.72331340080855,0.8391945094500661,1
2023-10-03 17:40:00,56.96046429153061,0.6333040811213799,115.6286829325649,0.7356127286527334,0
2023-10-03 17:45:00,95.78266716894522,1.5368160438904082,119.5337364569356,0.9941704681182171,1
2023-10-03 17:50:00,32.26811224928642,0.8003380016340833,94.05505251714439,0.7644087662390066,1
2023-10-03 17:55:00,66.89838656134378,1.9748675374429712,118.30293586126398,0.7201702540271683,1
2023-10-03 18:00:00,60.47109431075728,1.524443841625349,81.25858016103933,0.8784542138505729,1
2023-10-03 18:05:00,68.91633883477184,1.8604555584167066,53.35876048584813,0.9216600031399098,0
2023-10-03 18:10:00,21.44881470566724,0.5833458012047685,69.32962970990587,0.7097330338141561,0
2023-10-03 18:15:00,89.76991271553212,0.6695840320916064,83.42048418409074,0.8976152916181066,1
2023-10-03 18:20:00,94.56946259868899,1.9326467761253645,36.57734058243135,0.8596875627854363,1
2023-10-03 18:25:00,65.21065468713672,0.6441686719973467,86.01089381555215,0.7309795026625144,0
2023-10-03 18:30:00,75.73206591015138,0.6425134555305172,118.3060053086065,0.7517571630839086,0
2023-10-03 18:35:00,93.79995049418366,0.5242169504697749,47.10968848053548,0.8703922891948241,1
2023-10-03 18:40:00,76.57909074507188,2.41300279659896,101.33356046595449,0.7889072840539865,1
2023-10-03 18:45:00,32.20312343314091,1.975016718918014,111.71089144016574,0.9814947185953948,1
2023-10-03 18:50:00,66.10306881334506,1.2065028170041283,114.93314335381987,0.9456220688452153,1
2023-10-03 18:55:00,68.53720371062848,1.0930711625753105,116.41220439649025,0.9950701619540989,1
2023-10-03 19:00:00,53.93045370419088,1.199406459491699,76.93136748493248,0.7779012516851241,0
2023-10-03 19:05:00,78.91553884997782,2.049307062362364,117.95771171923533,0.9909170898393931,1
2023-10-03 19:10:00,94.74936118152118,1.8227412221408288,98.1579186420995,0.8293701609374673,0
2023-10-03 19:15:00,94.04548103254211,0.8703911357349359,44.55042926132657,0.8042556385941264,0
2023-10-03 19:20:00,56.06714971233057,0.8482186706681687,72.9210095821173,0.7151048580908059,0
2023-10-03 19:25:00,29.05904366726042,0.6967912994267946,94.64980578348036,0.7158295773578808,1
2023-10-03 19:30:00,98.78729591698676,1.8206054394026763,52.2606284237175,0.9076033767839964,0
2023-10-03 19:35:00,87.11184691567473,2.028745324443472,87.65536651939986,0.8373786983302083,0
2023-10-03 19:40:00,29.97301449626135,1.030092856650008,89.99404311419573,0.7679564878108317,0
2023-10-03 19:45:00,93.66735060938979,0.5418899220618256,44.64297694277093,0.8841910918975697,0
2023-10-03 19:50:00,89.59170896497027,0.6643433349528547,80.85767812074806,0.7758574354750333,1
2023-10-03 19:55:00,61.50704457008577,2.4357200696900607,99.44642198807469,0.8732895263033268,1
2023-10-03 20:00:00,67.30203485959434,1.0908895549548405,74.90060980823478,0.807762624094807,0
2023-10-03 20:05:00,51.920216309610424,2.038446295676267,31.08928050984967,0.9470656679835457,0
2023-10-03 20:10:00,24.380931105762507,1.7493271377085275,30.813462217136298,0.9462088482300338,1
2023-10-03 20:15:00,46.815779331672076,1.2638792793057918,62.1326409573011,0.8432051194367204,1
2023-10-03 20:20:00,84.22827588784091,0.9113745243911102,113.35746615886038,0.8052457328005047,1
2023-10-03 20:25:00,20.37056184036823,0.7427728363188129,50.58091016432479,0.8087679389677284,0
2023-10-03 20:30:00,46.679933735291534,1.7300259360777333,87.09273199845185,0.9417143577004654,1
2023-10-03 20:35:00,51.85349548727547,2.0492675612755757,49.98682836239885,0.7984538448392836,0
2023-10-03 20:40:00,62.99164823503383,1.7878085070822614,58.950299069359374,0.7627178121120538,0
2023-10-03 20:45:00,93.58844931302085,1.5606042664983166,106.32378806413355,0.725406502562592,1
2023-10-03 20:50:00,47.707679549276904,0.5839024468632725,95.59752980429522,0.8400079362653226,0
2023-10-03 20:55:00,47.75625615169822,2.4369775551887676,38.58593495818896,0.8446396296759525,1
2023-10-03 21:00:00,79.00009984877987,2.097428383309149,68.58318188877902,0.9522726131208721,0
2023-10-03 21:05:00,56.17743527118457,1.0856440734019295,32.6252787280738,0.7663716089338192,1
2023-10-03 21:10:00,37.96838583519856,2.4599406587177013,73.28011319427081,0.8142973821005199,0
2023-10-03 21:15:00,56.195161290615474,1.7037631792726442,89.61906105309612,0.9425217216681072,0
2023-10-03 21:20:00,31.26856163038399,1.664845316414493,40.66523612383364,0.947087083224692,1
2023-10-03 21:25:00,34.110958920497865,1.9961463588590642,55.99964450182491,0.8153833227936305,1
2023-10-03 21:30:00,59.869421819158376,2.123539576180275,65.80529629519413,0.8377372069860043,1
2023-10-03 21:35:00,53.514035960363834,1.8129572146630053,112.75779221904448,0.7909857672547849,1
2023-10-03 21:40:00,93.187672085448,0.7561914927324,119.39295138806676,0.9797664635257937,0
2023-10-03 21:45:00,48.99151192933065,1.1765350119889968,34.04201690960543,0.735593129722474,1
2023-10-03 21:50:00,66.44706802224349,2.3561672806520995,98.49071311458529,0.980124826900441,1
2023-10-03 21:55:00,70.58114303356243,0.9492312236877039,63.45516597621089,0.9051599355506029,0
2023-10-03 22:00:00,21.04755652706669,1.2443340476750266,65.32123676065319,0.8594716458060193,1
2023-10-03 22:05:00,73.08298976133685,1.364153765888392,97.88384760123205,0.7097977182353488,1
2023-10-03 22:10:00,34.24287734958011,1.3788099793889044,112.65837889308678,0.8426788575466024,0
2023-10-03 22:15:00,96.88562539755641,1.725879164989051,115.58357350522935,0.8223244315008197,1
2023-10-03 22:20:00,31.893018220249036,2.3861516754894154,81.94103274344887,0.7483656435925368,1
2023-10-03 22:25:00,53.1699298981619,0.9813854236650099,62.14090433704526,0.896922881050197,1
2023-10-03 22:30:00,26.82797344629151,0.7430027526018361,100.87941772729013,0.9913452722104857,1
2023-10-03 22:35:00,99.74994014767579,0.8949409797198746,52.59012449360702,0.8686566433193575,1
2023-10-03 22:40:00,60.175600826499405,2.273849800418539,80.7666625950166,0.9144259829331838,1
2023-10-03 22:45:00,67.6308013856035,1.791621625310412,62.272061537238585,0.720535135769805,0
2023-10-03 22:50:00,25.3661181910742,1.0718135784783203,89.09679663370885,0.8253000987450984,1
2023-10-03 22:55:00,79.99683763193423,2.1318938779372347,51.635902160415625,0.7349075455493487,0
2023-10-03 23:00:00,36.792447447646865,2.222739992726872,47.24336511613432,0.8838387506609531,0
2023-10-03 23:05:00,91.84434315525709,2.193028677380556,112.64151780078933,0.9815446474642464,0
2023-10-03 23:10:00,36.41117123856057,2.337853067279109,39.16233146545832,0.8985333197414915,0
2023-10-03 23:15:00,35.255017653093326,1.0044820403467232,75.53621169614385,0.7230409144943264,1
2023-10-03 23:20:00,22.923973427847592,2.010083857492557,49.8767504666708,0.8063998614955248,1
2023-10-03 23:25:00,57.765355608799936,1.42107899454828,33.50369669931007,0.8651990138322554,1
2023-10-03 23:30:00,65.18729066100931,2.183997105780123,33.24169364622838,0.8209623268399756,0
2023-10-03 23:35:00,25.25669115426819,1.9569813543232264,45.76995948952446,0.9500932031425517,1
2023-10-03 23:40:00,82.04220933560084,2.0528948929994493,108.00933190554002,0.9444013014129967,1
2023-10-03 23:45:00,56.26310677984221,1.812323675362143,55.4230869579324,0.8835493060309664,1
2023-10-03 23:50:00,61.951221546206405,0.8548575389394137,115.54132535177662,0.8120373835398116,0
2023-10-03 23:55:00,55.26101975505825,1.5900538377938767,82.34600636902742,0.7766009121289732,0
2023-10-04 00:00:00,52.06104487002608,2.469339479049016,69.29527707918895,0.7317622954639388,1
2023-10-04 00:05:00,64.77122650465743,2.3747761329942376,82.20799512025091,0.8064693050459661,0
2023-10-04 00:10:00,32.419219674457,0.5863474715940233,76.5028546703641,0.8239517551623159,0
2023-10-04 00:15:00,34.55425043962169,0.8296296314588743,98.28986283815927,0.9027468775312221,1
2023-10-04 00:20:00,88.94284968108138,0.7634575469091238,55.424645937556704,0.897447947289272,0
2023-10-04 00:25:00,95.68923697069062,1.951959819970591,61.77453524402721,0.721032441892377,0
2023-10-04 00:30:00,49.864745302380236,2.13557065971389,110.46848722799257,0.8185777946293473,1
2023-10-04 00:35:00,41.6595738514843,0.9270227326213438,115.1810861835365,0.7545336601652085,0
2023-10-04 00:40:00,71.51996345912126,1.511705385903658,110.33024047378271,0.7470438115950416,0
2023-10-04 00:45:00,52.698733687847714,2.1814060560224,67.75031945615822,0.9481906449211738,0
2023-10-04 00:50:00,22.03090845282759,1.9656030895325012,100.23289527061935,0.7125745650148773,0
2023-10-04 00:55:00,32.49220778929523,1.5844744109836966,72.87021599709888,0.8257548627706364,0
2023-10-04 01:00:00,77.2777783077918,1.6806953809175458,74.7785866931492,0.7504610967299554,0
2023-10-04 01:05:00,72.71391535281211,1.51672109383256,48.42120981515556,0.9637990647035422,0
2023-10-04 01:10:00,22.16767940027868,1.0950969026376411,83.20172729326649,0.8671121539825105,0
2023-10-04 01:15:00,37.75777295463595,1.6300439857180322,46.75223079780132,0.7694141909130544,1
2023-10-04 01:20:00,38.48598372704571,1.8777706041001814,59.84082291604744,0.850728186149913,1
2023-10-04 01:25:00,73.75141948789827,2.246645831721615,106.95271814579417,0.9194459079109347,1
2023-10-04 01:30:00,21.57684302034913,1.7725827079584962,48.636822828976975,0.9874354026758301,1
2023-10-04 01:35:00,28.32868655876591,2.022243074086316,36.404245665608954,0.7661338012736256,0
2023-10-04 01:40:00,83.99328682985515,0.820143269909146,36.21068333515347,0.9658545316388035,1
2023-10-04 01:45:00,34.28357296434669,1.4231149488395798,114.6706068452797,0.980291234250247,1
2023-10-04 01:50:00,72.21968862814998,0.5186632396541866,75.62283941656511,0.9749261633596198,0
2023-10-04 01:55:00,39.05462248373812,0.993357729043246,66.84708646353165,0.8906243070585729,0
2023-10-04 02:00:00,27.955311420747613,1.9529234302260097,102.97907229071266,0.8889461963304123,0
2023-10-04 02:05:00,39.453775279956325,2.483619902698727,105.22433351194644,0.8209631899551468,0
2023-10-04 02:10:00,77.78135454845273,0.6983561991744318,59.89719298040441,0.9257193646911364,0
2023-10-04 02:15:00,88.45571744850287,1.3029886317225765,92.42562517264157,0.8593882055052795,1
2023-10-04 02:20:00,86.41758916535933,2.100141937398319,99.40105342666979,0.9032314213684883,0
2023-10-04 02:25:00,51.77468236947639,0.9080712692577977,88.91856181793591,0.8285373711546387,1
2023-10-04 02:30:00,73.44681092565169,1.6101698986045725,43.643556732008946,0.9194489392129417,1
2023-10-04 02:35:00,36.39874363326568,1.9661425920593496,108.82947751653514,0.9473414552813647,0
2023-10-04 02:40:00,43.45181842088106,1.731970900520358,78.51850974624078,0.7439308769808448,1
2023-10-04 02:45:00,91.70686548168958,0.8760494692308323,55.422518373300335,0.9498789146722684,1
2023-10-04 02:50:00,21.04015388085888,1.2107691373714788,68.27053668939246,0.8620889595370922,0
2023-10-04 02:55:00,26.840682468357446,2.0675835689707944,33.38139813590166,0.9533997727270673,1
2023-10-04 03:00:00,36.630900411682184,1.6084530282640332,41.50801211001758,0.8293905119023044,1
2023-10-04 03:05:00,22.122576309905575,0.5104592270858255,98.89920754642748,0.8137121456149105,1
2023-10-04 03:10:00,34.51483480718379,2.0219815200561877,30.001047127982954,0.9745182197551667,0
2023-10-04 03:15:00,66.64332487757537,0.5706227098804781,67.4909245634063,0.7753507802645203,0
2023-10-04 03:20:00,53.713964047399834,1.9914675654624643,77.02591629770296,0.9532636975858428,0
2023-10-04 03:25:00,91.41373688615799,0.9049611203304748,34.917097800087504,0.8452061717528212,1
2023-10-04 03:30:00,85.39548493907527,2.4161469602387604,117.57703466750996,0.8542286327653779,0
2023-10-04 03:35:00,47.34538813583008,1.235881502604169,50.35127981247047,0.7925404844468452,1
2023-10-04 03:40:00,40.7538746745034,1.1538632326761582,57.37788476726528,0.8719126601857047,0
2023-10-04 03:45:00,50.375392653381354,0.7977761006648894,57.35482610295246,0.7975633588828633,1
2023-10-04 03:50:00,67.22359540118461,1.1112084309804298,50.73749959056149,0.7117808242724957,0
2023-10-04 03:55:00,41.4450912658301,2.2533015236564014,30.132643987768027,0.7815995816033068,0
2023-10-04 04:00:00,69.93191262793073,2.4926686752544946,95.64103146791967,0.7019137130219771,1
2023-10-04 04:05:00,52.752932175299236,1.2366190610136967,117.01609498193568,0.9935064361170569,0
2023-10-04 04:10:00,64.16377446815842,1.3972212619090851,50.18641349565405,0.9897241629459242,1
2023-10-04 04:15:00,54.890122330825335,1.944141876405474,89.67424726230801,0.8185465892416914,0
2023-10-04 04:20:00,43.55726076335341,2.2723915609301493,96.77066942628436,0.9185112563018938,0
2023-10-04 04:25:00,95.87626455697253,1.6860886683735683,106.35828411814722,0.8037418295231274,1
2023-10-04 04:30:00,81.08846353278086,1.2830513963556587,68.03662773122483,0.9013279471257928,1
2023-10-04 04:35:00,31.209054061316202,1.3252436816972475,57.26378150763863,0.9416290129137938,1
2023-10-04 04:40:00,89.47743807183302,1.8912362929936137,59.2765620620728,0.9840268734076723,0
2023-10-04 04:45:00,58.99449585996109,0.5064365272085574,94.13591997886616,0.8200636827549016,1
2023-10-04 04:50:00,91.56417815152732,1.7391786749196814,103.51015198550725,0.9349893948868143,0
2023-10-04 04:55:00,83.98842047578522,1.2109860208827148,46.34525709809424,0.7797785351896356,1
2023-10-04 05:00:00,54.017080357538674,2.0883946625541685,63.38469073419887,0.9970996911380945,1
2023-10-04 05:05:00,21.797544665609394,0.6859812796462643,111.17461770742351,0.7077308796293053,1
2023-10-04 05:10:00,41.494188750795686,1.676404533896781,102.60241677252652,0.8810586419503362,1
2023-10-04 05:15:00,63.330737172869355,1.4619457797722475,118.63725624862282,0.8978517944953981,1
2023-10-04 05:20:00,70.67825758609177,1.7846510518104548,97.88234337138726,0.9064136671222387,1
2023-10-04 05:25:00,40.631014834656185,0.6297071889659367,65.387568092513,0.7361162736367267,0
2023-10-04 05:30:00,31.14848592582593,1.6599675748562626,83.1574050595174,0.9815589350419391,1
2023-10-04 05:35:00,86.79441894394392,1.6229691759190474,89.49128288225883,0.7543549837150249,0
2023-10-04 05:40:00,98.75217445628417,1.6213201888323419,37.06102346854116,0.8868260209719523,1
2023-10-04 05:45:00,62.055214584214866,1.7069753331929096,79.00472631934787,0.7668028237369254,1
2023-10-04 05:50:00,33.73434286786428,1.8529358744527245,93.83887456253487,0.7921649251063813,1
2023-10-04 05:55:00,41.784586121549516,2.1099779993615395,45.058917360095435,0.8639375625184373,0
2023-10-04 06:00:00,21.471254123797337,1.0396414402564287,100.25685456830014,0.8251580255693729,0
2023-10-04 06:05:00,93.14390452483993,2.150098820360124,82.53955024627004,0.7480676802929519,1
2023-10-04 06:10:00,29.42008663121129,1.4965113645269073,115.69996071278352,0.7512809207262544,0
2023-10-04 06:15:00,66.12131804114028,0.6541165582686623,33.81800683862025,0.8254434364488399,1
2023-10-04 06:20:00,41.92441765497648,0.6171018584879584,53.87935237999203,0.9271848934826502,1
2023-10-04 06:25:00,64.33424020126347,1.1684766373921216,84.13984913698417,0.9693893940543366,0
2023-10-04 06:30:00,72.11363106814915,2.069793954222935,56.69039209853376,0.7252382986778149,0
2023-10-04 06:35:00,86.37934429657614,1.9153618694818315,94.2981747664118,0.8179311722678203,0
2023-10-04 06:40:00,36.513701740848255,2.0772299293448127,98.3104754269738,0.730073669116863,0
2023-10-04 06:45:00,20.879666292678436,1.5345381128832187,39.2264367659827,0.7049777441897793,1
2023-10-04 06:50:00,30.950850405504582,1.3803979959109811,76.2469017786091,0.8985156047931869,0
2023-10-04 06:55:00,92.0014913478484,0.7949050534125679,75.80015000319503,0.8807348325899763,0
2023-10-04 07:00:00,89.91120620500122,1.156385507218623,63.2352693193987,0.7489057341444658,1
2023-10-04 07:05:00,67.79304817362467,1.3680387323477505,113.96323763127049,0.7701438499279192,0
2023-10-04 07:10:00,68.04134883469227,0.6772008593592345,104.47556878858991,0.7071123260933555,0
2023-10-04 07:15:00,73.20293396370045,0.9412239054224225,92.7488443718673,0.9504841617083211,0
2023-10-04 07:20:00,34.02970228987597,1.6964505881274776,94.28939721614978,0.9924071788145654,0
2023-10-04 07:25:00,93.15295567399679,1.9713262284783797,71.55445294318072,0.7406378610384072,1
2023-10-04 07:30:00,53.50164199136585,2.4966950227858993,112.88950689869183,0.7694425641295894,1
2023-10-04 07:35:00,50.65108225995979,2.366226662687115,92.51358845279569,0.9605228571840803,0
2023-10-04 07:40:00,61.513416422627,1.785130399070383,95.60829554902348,0.9779391393868555,0
2023-10-04 07:45:00,23.757277342004404,1.342496106588144,107.55218134086107,0.8258882148420431,1
2023-10-04 07:50:00,33.30266950048635,1.7723547294164654,54.66644304079719,0.7151867416807222,0
2023-10-04 07:55:00,79.04268931410964,2.071303236160464,102.63638134800327,0.7118175501078458,0
2023-10-04 08:00:00,26.623893434010117,0.7366723818467746,47.57165426608428,0.8721849598207031,0
2023-10-04 08:05:00,68.25216875731105,1.3198097793925765,61.0807757020399,0.8178685326679537,0
2023-10-04 08:10:00,39.627928774505676,2.179604571271234,60.20494088428585,0.7085957282732963,0
2023-10-04 08:15:00,51.143649123358124,1.267665903866088,118.06729215502266,0.874975717693767,0
2023-10-04 08:20:00,43.09549894165599,1.643744542454373,107.08835013731341,0.7033907609767067,0
2023-10-04 08:25:00,48.45381731719593,1.6755387217243964,93.10528754312338,0.9362115874447818,0
2023-10-04 08:30:00,77.52367241473964,0.8689525062672787,95.4351085453851,0.7919298468110114,0
2023-10-04 08:35:00,43.769737249854,1.2244708833045768,80.5865514962314,0.7120774009027696,1
2023-10-04 08:40:00,65.31237122375177,1.1690225774838643,115.23816003976671,0.876505666294946,1
2023-10-04 08:45:00,58.08403217592797,0.5523934170641296,74.66328775941254,0.8193053243299164,1
2023-10-04 08:50:00,73.09369322901185,0.5483835277827105,64.2465938882905,0.9921401240071448,0
2023-10-04 08:55:00,94.94637914598064,2.1633940873515467,44.67318032384319,0.8632595987511107,0
2023-10-04 09:00:00,78.60576777682002,1.0461416199456248,100.75850870349522,0.7825717543111025,1
2023-10-04 09:05:00,37.19523028726054,1.5361575324776309,96.09995388680323,0.9128316593901924,0
2023-10-04 09:10:00,22.494650804902776,1.097451147177546,64.59195346717215,0.7814476007628134,1
2023-10-04 09:15:00,40.98112354398601,2.381358490230681,32.26740725633064,0.9712729874222695,0
2023-10-04 09:20:00,67.60623445602039,1.0185935177315475,105.50975949462097,0.8124165911522129,1
2023-10-04 09:25:00,24.114065078740026,1.3593136254778702,31.027618510866628,0.8649605688328615,1
2023-10-04 09:30:00,59.70929977609891,2.2454605009692035,93.33298016661459,0.7151719311472686,1
2023-10-04 09:35:00,67.74742791335115,2.1838671335836173,117.32313987534513,0.8278363713856692,0
2023-10-04 09:40:00,46.73951126535687,0.8722028356925546,69.3895195333383,0.9497090618982985,1
2023-10-04 09:45:00,81.67297629966575,2.105286619591421,51.147606449635745,0.9416946416090026,0
2023-10-04 09:50:00,28.527860250701742,1.4163737734757853,93.43839090390435,0.7672955676560579,0
2023-10-04 09:55:00,26.0110225388647,1.4659377441707104,103.54153278140267,0.7678237213031688,0
2023-10-04 10:00:00,78.25510049628826,0.7669599448318876,79.17872844700625,0.945191593663971,0
2023-10-04 10:05:00,59.63930529649588,0.6612030275142493,117.03317477305316,0.9791195260507977,0
2023-10-04 10:10:00,75.07219171421889,1.9558786139475304,34.6501849492165,0.7286082763819011,0
2023-10-04 10:15:00,54.7861870882997,1.4929223047105995,75.43160384740753,0.8350175918278675,0
2023-10-04 10:20:00,39.712162659128545,1.373701405230359,94.6608552590295,0.8012362836892687,1
2023-10-04 10:25:00,85.52818541393597,1.9590164573047935,107.63764240342611,0.9612065366372318,1
2023-10-04 10:30:00,83.95327031751833,2.0310257979822195,46.133005071701106,0.7250574744040056,1
2023-10-04 10:35:00,75.57571766835414,0.8178163353387071,102.00031335873133,0.7633377827674112,0
2023-10-04 10:40:00,41.771610978397014,1.7204502989552826,79.74363681466907,0.9257405012759483,0
2023-10-04 10:45:00,67.21845334952697,0.7707081645553711,65.68983137909669,0.7153881546943647,0
2023-10-04 10:50:00,48.87791175520214,2.002750172058091,41.85435257211842,0.8477606142142867,0
2023-10-04 10:55:00,27.326565866130732,1.813910312534279,107.87661830180211,0.832632110403916,1
2023-10-04 11:00:00,93.38508603697943,2.413229242166916,44.15458873617438,0.8003203536966246,0
2023-10-04 11:05:00,30.945490473516912,0.6379160327128424,57.880907328818935,0.8183716945956772,1
2023-10-04 11:10:00,96.0189883056642,0.6141094423025086,56.10409787661932,0.8589821760790699,0
2023-10-04 11:15:00,55.68046183663646,1.0643741493864003,108.42726307717689,0.7484102075165149,1
